sku,ean
3865AccM50x40,4251740834523
3866AccM50x40,4251740834530
3867AccM50x40,4251740834547
3868AccM50x40,4251740834752
3869AccM50x40,4251740834769
3870AccM50x40,4251740834776
3871AccM50x40,4251740834783
3872AccM50x40,4251740834790
3873AccM50x40,4251740834806
3874AccM50x40,4251740834813
3875AccM50x40,4251740834820
3876AccM50x40,4251740834837
3877AccM50x40,4251740834844
3878AccM50x40,4251740834851
3879AccM50x40,4251740834868
3880AccM50x40,4251740834875
3881AccM50x40,4251740834882
3882AccM50x40,4251740834899
3883AccM50x40,4251740834905
3884AccM50x40,4251740834912
3885AccM50x40,4251740834929
3886AccM50x40,4251740834936
3887AccM50x40,4251740834943
3888AccM50x40,4251740834950
3889AccM50x40,4251740834967
3890AccM50x40,4251740834974
3891AccM50x40,4251740834981
3892AccM50x40,4251740834998
3893AccM50x40,4251740835001
3894AccM50x40,4251740835018
3895AccM50x40,4251740835025
3896AccM50x40,4251740835032
3897AccM50x40,4251740835049
3898AccM50x40,4251740835056
3899AccM50x40,4251740835063
3900AccM50x40,4251740835070
3901AccM50x40,4251740835087
3902AccM50x40,4251740835094
3903AccM50x40,4251740835100
3904AccM50x40,4251740835117
3905AccM50x40,4251740835124
3906AccM50x40,4251740835131
3907AccM50x40,4251740835148
3908AccM50x40,4251740835155
3909AccM50x40,4251740835162
3910AccM50x40,4251740835179
3911AccM50x40,4251740835186
3912AccM50x40,4251740835193
3913AccM50x40,4251740835209
3914AccM50x40,4251740835216
3915AccM50x40,4251740835223
3916AccM50x40,4251740835230
3917AccM50x40,4251740835247
3918AccM50x40,4251740835254
3919AccM50x40,4251740835261
3920AccM50x40,4251740835278
3921AccM50x40,4251740835285
3922AccM50x40,4251740835292
3923AccM50x40,4251740846267
3924AccM50x40,4251740846274
3925AccM50x40,4251740846281
3926AccM50x40,4251740846298
3927AccM50x40,4251740846304
3928AccM50x40,4251740846311
3929AccM50x40,4251740846328
3930AccM50x40,4251740846335
3931AccM50x40,4251740846342
3932AccM50x40,4251740846359
3933AccM50x40,4251740846366
3934AccM50x40,4251740846373
3935AccM50x40,4251740846380
3936AccM50x40,4251740846397
3937AccM50x40,4251740846403
3938AccM50x40,4251740846410
3939AccM50x40,4251740846427
3940AccM50x40,4251740846434
3941AccM50x40,4251740846441
3942AccM50x40,4251740846458
3943AccM50x40,4251740846465
3944AccM50x40,4251740846472
3945AccM50x40,4251740846489
3946AccM50x40,4251740846496
3947AccM50x40,4251740846502
3948AccM50x40,4251740846519
3949AccM50x40,4251740846526
3950AccM50x40,4251740846533
3951AccM50x40,4251740846540
3952AccM50x40,4251740846557
3953AccM50x40,4251740846564
3954AccM50x40,4251740846571
3955AccM50x40,4251740846588
3956AccM50x40,4251740846595
3957AccM50x40,4251740846601
3958AccM50x40,4251740846618
3959AccM50x40,4251740846625
3960AccM50x40,4251740846632
3961AccM50x40,4251740846649
3962AccM50x40,4251740846656
3963AccM50x40,4251740846663
3964AccM50x40,4251740846670
3965AccM50x40,4251740846687
3966AccM50x40,4251740846694
3967AccM50x40,4251740846700
3968AccM50x40,4251740846717
3969AccM50x40,4251740846724
3970AccM50x40,4251740846731
3971AccM50x40,4251740846748
3972AccM50x40,4251740846755
3973AccM50x40,4251740846762
3974AccM50x40,4251740846779
3975AccM50x40,4251740846786
3976AccM50x40,4251740846793
3977AccM50x40,4251740846809
3978AccM50x40,4251740846816
3979AccM50x40,4251740846823
3980AccM50x40,4251740846830
3981AccM50x40,4251740846847
3982AccM50x40,4251740846854
3983AccM50x40,4251740846861
3984AccM50x40,4251740846878
3985AccM50x40,4251740846885
3986AccM50x40,4251740846892
3987AccM50x40,4251740846908
3988AccM50x40,4251740846915
3989AccM50x40,4251740846922
3990AccM50x40,4251740846939
3991AccM50x40,4251740846946
3992AccM50x40,4251740846953
3993AccM50x40,4251740846960
3994AccM50x40,4251740846977
3995AccM50x40,4251740846984
3996AccM50x40,4251740846991
3997AccM50x40,4251740847004
3998AccM50x40,4251740847011
3999AccM50x40,4251740847028
4000AccM50x40,4251740847035
4001AccM50x40,4251740847042
4002AccM50x40,4251740847059
4003AccM50x40,4251740847066
4004AccM50x40,4251740847073
4005AccM50x40,4251740847080
4006AccM50x40,4251740847097
4007AccM50x40,4251740847103
4008AccM50x40,4251740847110
4009AccM50x40,4251740847127
4010AccM50x40,4251740847134
4011AccM50x40,4251740847141
4012AccM50x40,4251740847158
4013AccM50x40,4251740847165
4014AccM50x40,4251740847172
4015AccM50x40,4251740847189
4016AccM50x40,4251740847196
4017AccM50x40,4251740847202
4018AccM50x40,4251740847219
4019AccM50x40,4251740847226
4020AccM50x40,4251740847233
4021AccM50x40,4251740847240
4022AccM50x40,4251740847257
4023AccM50x40,4251740847264
4024AccM50x40,4251740847271
4025AccM50x40,4251740847288
4026AccM50x40,4251740847295
4027AccM50x40,4251740847301
4028AccM50x40,4251740847318
4029AccM50x40,4251740847325
4030AccM50x40,4251740847332
4031AccM50x40,4251740847349
4032AccM50x40,4251740847356
4033AccM50x40,4251740847363
4034AccM50x40,4251740847370
4035AccM42x36,4251740847387
4036AccM42x36,4251740847394
4037AccM42x36,4251740847400
4038AccM42x36,4251740847417
4039AccM42x36,4251740847424
4040AccM42x36,4251740847431
4041AccM42x36,4251740847448
4042AccM42x36,4251740847455
4043AccM42x36,4251740847462
4044AccM42x36,4251740847479
4045AccM42x36,4251740847486
4046AccM42x36,4251740847493
4047AccM42x36,4251740847509
4048AccM42x36,4251740847516
4049AccM42x36,4251740847523
4050AccM42x36,4251740847530
4051AccM42x36,4251740847547
4052AccM42x36,4251740847554
4053AccM42x36,4251740847561
4054AccM42x36,4251740847578
4055AccM42x36,4251740847585
4056AccM42x36,4251740847592
4057AccM42x36,4251740847608
4058AccM42x36,4251740847615
4059AccM42x36,4251740847622
4060AccM42x36,4251740847639
4061AccM42x36,4251740847646
4062AccM42x36,4251740847653
4063AccM42x36,4251740847660
4064AccM42x36,4251740847677
4065AccM42x36,4251740847684
4066AccM42x36,4251740847691
4067AccM42x36,4251740847707
4068AccM42x36,4251740847714
4069AccM42x36,4251740847721
4070AccM42x36,4251740847738
4071AccM42x36,4251740847745
4072AccM42x36,4251740847752
4073AccM42x36,4251740847769
4074AccM42x36,4251740847776
4075AccM42x36,4251740847783
4076AccM42x36,4251740847790
4077AccM42x36,4251740847806
4078AccM42x36,4251740847813
4079AccM42x36,4251740847820
4080AccM42x36,4251740847837
4081AccM42x36,4251740847844
4082AccM42x36,4251740847851
4083AccM42x36,4251740847868
4084AccM42x36,4251740847875
4085AccM42x36,4251740847882
4086AccM42x36,4251740847899
4087AccM42x36,4251740847905
4088AccM42x36,4251740847912
4089AccM42x36,4251740847929
4090AccM42x36,4251740847936
4091AccM42x36,4251740847943
4092AccM42x36,4251740847950
4093AccM42x36,4251740847967
4094AccM42x36,4251740847974
4095AccM42x36,4251740847981
4096AccM42x36,4251740847998
4097AccM42x36,4251740848001
4098AccM42x36,4251740848018
4099AccM42x36,4251740848025
4100AccM42x36,4251740848032
4101AccM42x36,4251740848049
4102AccM42x36,4251740848056
4103AccM42x36,4251740848063
4104AccM42x36,4251740848070
4105AccM42x36,4251740848087
4106AccM42x36,4251740848094
4107AccM42x36,4251740848100
4108AccM42x36,4251740848117
4109AccM42x36,4251740848124
4110AccM42x36,4251740848131
4111AccM42x36,4251740848148
4112AccM42x36,4251740848155
4113AccM42x36,4251740848162
4114AccM42x36,4251740848179
4115AccM42x36,4251740848186
4116AccM42x36,4251740848193
4117AccM42x36,4251740848209
4118AccM42x36,4251740848216
4119AccM42x36,4251740848223
4120AccM42x36,4251740848230
4121AccM42x36,4251740848247
4122AccM42x36,4251740848254
4123AccM42x36,4251740848261
4124AccM42x36,4251740848278
4125AccM42x36,4251740848285
4126AccM42x36,4251740848292
4127AccM42x36,4251740848308
4128AccM42x36,4251740848315
4129AccM42x36,4251740848322
4130AccM42x36,4251740848339
4131AccM42x36,4251740848346
4132AccM42x36,4251740848353
4133AccM42x36,4251740848360
4134AccM42x36,4251740848377
4135AccM42x36,4251740848384
4136AccM42x36,4251740848391
4137AccM42x36,4251740848407
4138AccM42x36,4251740848414
4139AccM42x36,4251740848421
4140AccM42x36,4251740848438
4141AccM42x36,4251740848445
4142AccM42x36,4251740848452
4143AccM42x36,4251740848469
4144AccM42x36,4251740848476
4145AccM42x36,4251740848483
4146AccM42x36,4251740848490
4147AccM42x36,4251740848506
4148AccM42x36,4251740848513
4149AccM42x36,4251740848520
4150AccM42x36,4251740848537
4151AccM42x36,4251740848544
4152AccM42x36,4251740848551
4153AccM42x36,4251740848568
4154AccM42x36,4251740848575
4155AccM42x36,4251740848582
4156AccM42x36,4251740848599
4157AccM42x36,4251740848605
4158AccM42x36,4251740848612
4159AccM42x36,4251740848629
4160AccM42x36,4251740848636
4161AccM42x36,4251740848643
4162AccM42x36,4251740848650
4163AccM42x36,4251740848667
4164AccM42x36,4251740848674
4165AccM42x36,4251740848681
4166AccM42x36,4251740848698
4167AccM42x36,4251740848704
4168AccM42x36,4251740848711
4169AccM42x36,4251740848728
4170AccM42x36,4251740848735
4171AccM42x36,4251740848742
4172AccM42x36,4251740848759
4173AccM42x36,4251740848766
4174AccM42x36,4251740848773
4175AccM42x36,4251740848780
4176AccM42x36,4251740848797
4177AccM42x36,4251740848803
4178AccM42x36,4251740848810
4179AccM42x36,4251740848827
4180AccM42x36,4251740848834
4181AccM42x36,4251740848841
4182AccM42x36,4251740848858
4183AccM42x36,4251740848865
4184AccM42x36,4251740848872
4185AccM42x36,4251740848889
4186AccM42x36,4251740848896
4187AccM42x36,4251740848902
4188AccM42x36,4251740848919
4189AccM42x36,4251740848926
4190AccM42x36,4251740848933
4191AccM42x36,4251740848940
4192AccM42x36,4251740848957
4193AccM42x36,4251740848964
4194AccM42x36,4251740848971
4195AccM42x36,4251740848988
4196AccM42x36,4251740848995
4197AccM42x36,4251740849008
4198AccM42x36,4251740849015
4199AccM42x36,4251740849022
4200AccM42x36,4251740849039
4201AccM42x36,4251740849046
4202AccM42x36,4251740849053
4203AccM42x36,4251740849060
4204AccM42x36,4251740849077
4205AccM42x36,4251740849084
4206AccM42x36,4251740849091
4207AccM42x36,4251740849107
4208AccM42x36,4251740849114
4209AccM42x36,4251740849121
4210AccM42x36,4251740849138
4211AccM42x36,4251740849145
4212AccM42x36,4251740849152
4213AccM42x36,4251740849169
4214AccM30x30,4251740849176
4215AccM30x30,4251740849183
4216AccM30x30,4251740849190
4217AccM30x30,4251740849206
4218AccM30x30,4251740849213
4219AccM30x30,4251740849220
4220AccM30x30,4251740849237
4221AccM30x30,4251740849244
4222AccM30x30,4251740849251
4223AccM30x30,4251740849268
4224AccM30x30,4251740849275
4225AccM30x30,4251740849282
4226AccM30x30,4251740849299
4227AccM30x30,4251740849305
4228AccM30x30,4251740849312
4229AccM30x30,4251740849329
4230AccM30x30,4251740849336
4231AccM30x30,4251740849343
4232AccM30x30,4251740849350
4233AccM30x30,4251740849367
4234AccM30x30,4251740849374
4235AccM30x30,4251740849381
4236AccM30x30,4251740849398
4237AccM30x30,4251740849404
4238AccM30x30,4251740849411
4239AccM30x30,4251740849428
4240AccM30x30,4251740849435
4241AccM30x30,4251740849442
4242AccM30x30,4251740849459
4243AccM30x30,4251740849466
4244AccM30x30,4251740849473
4245AccM30x30,4251740849480
4246AccM30x30,4251740849497
4247AccM30x30,4251740849503
4248AccM30x30,4251740849510
4249AccM30x30,4251740849527
4250AccM30x30,4251740849534
4251AccM30x30,4251740849541
4252AccM30x30,4251740849558
4253AccM30x30,4251740849565
4254AccM30x30,4251740849572
4255AccM30x30,4251740849589
4256AccM30x30,4251740849596
4257AccM30x30,4251740849602
4258AccM30x30,4251740849619
4259AccM30x30,4251740849626
4260AccM30x30,4251740849633
4261AccM30x30,4251740849640
4262AccM30x30,4251740849657
4263AccM30x30,4251740849664
4264AccM30x30,4251740849671
4265AccM30x30,4251740849688
4266AccM30x30,4251740849695
4267AccM30x30,4251740849701
4268AccM30x30,4251740849718
4269AccM30x30,4251740849725
4270AccM30x30,4251740849732
4271AccM30x30,4251740849749
4272AccM30x30,4251740849756
4273AccM30x30,4251740849763
4274AccM30x30,4251740849770
4275AccM30x30,4251740849787
4276AccM30x30,4251740849794
4277AccM30x30,4251740849800
4278AccM30x30,4251740849817
4279AccM30x30,4251740849824
4280AccM30x30,4251740849831
4281AccM30x30,4251740849848
4282AccM30x30,4251740849855
4283AccM30x30,4251740849862
4284AccM30x30,4251740849879
4285AccM30x30,4251740849886
4286AccM30x30,4251740849893
4287AccM30x30,4251740849909
4288AccM30x30,4251740849916
4289AccM30x30,4251740849923
4290AccM30x30,4251740849930
4291AccM30x30,4251740849947
4292AccM30x30,4251740849954
4293AccM30x30,4251740849961
4294AccM30x30,4251740849978
4295AccM30x30,4251740849985
4296AccM30x30,4251740849992
4297AccM30x30,4251740850004
4298AccM30x30,4251740850011
4299AccM30x30,4251740850028
4300AccM30x30,4251740850035
4301AccM30x30,4251740850042
4302AccM30x30,4251740850059
4303AccM30x30,4251740850066
4304AccM30x30,4251740850073
4305AccM30x30,4251740850080
4306AccM30x30,4251740850097
4307AccM30x30,4251740850103
4308AccM30x30,4251740850110
4309AccM30x30,4251740850127
4310AccM30x30,4251740850134
4311AccM30x30,4251740850141
4312AccM30x30,4251740850158
4313AccM30x30,4251740850165
4314AccM30x30,4251740850172
4315AccM30x30,4251740850189
4316AccM30x30,4251740850196
4317AccM30x30,4251740850202
4318AccM30x30,4251740850219
4319AccM30x30,4251740850226
4320AccM30x30,4251740850233
4321AccM30x30,4251740850240
4322AccM30x30,4251740850257
4323AccM30x30,4251740850264
4324AccM30x30,4251740850271
4325AccM30x30,4251740850288
4326AccM30x30,4251740850295
4327AccM30x30,4251740850301
4328AccM30x30,4251740850318
4329AccM30x30,4251740850325
4330AccM30x30,4251740850332
4331AccM30x30,4251740850349
4332AccM30x30,4251740850356
4333AccM30x30,4251740850363
4334AccM30x30,4251740850370
4335AccM30x30,4251740850387
4336AccM30x30,4251740850394
4337AccM30x30,4251740850400
4338AccM30x30,4251740850417
4339AccM30x30,4251740850424
4340AccM30x30,4251740850431
4341AccM30x30,4251740850448
4342AccM30x30,4251740850455
4343AccM30x30,4251740850462
4344AccM30x30,4251740850479
4345AccM30x30,4251740850486
4346AccM30x30,4251740850493
4347AccM30x30,4251740850509
4348AccM30x30,4251740850516
4349AccM30x30,4251740850523
4350AccM30x30,4251740850530
4351AccM30x30,4251740850547
4352AccM30x30,4251740850554
4353AccM30x30,4251740850561
4354AccM30x30,4251740850578
4355AccM30x30,4251740850585
4356AccM30x30,4251740850592
4357AccM30x30,4251740850608
4358AccM30x30,4251740850615
4359AccM30x30,4251740850622
4360AccM30x30,4251740850639
4361AccM30x30,4251740850646
4362AccM30x30,4251740850653
4363AccM30x30,4251740850660
4364AccM30x30,4251740850677
4365AccM30x30,4251740850684
4366AccM30x30,4251740850691
4367AccM30x30,4251740850707
4368AccM30x30,4251740850714
4369AccM30x30,4251740850721
4370AccM30x30,4251740850738
4371AccM30x30,4251740850745
4372AccM30x30,4251740850752
4373AccM30x30,4251740850769
4374AccM30x30,4251740850776
4375AccM30x30,4251740850783
4376AccM30x30,4251740850790
4377AccM30x30,4251740850806
4378AccM30x30,4251740850813
4379AccM30x30,4251740850820
4380AccM30x30,4251740850837
4381AccM30x30,4251740850844
4382AccM30x30,4251740850851
4383AccM30x30,4251740850868
4384AccM30x30,4251740850875
4385AccM30x30,4251740850882
4386AccM30x30,4251740850899
4387AccM30x30,4251740850905
4388AccM30x30,4251740850912
4389AccM30x30,4251740850929
4390AccM30x30,4251740850936
4391AccM30x30,4251740850943
4392AccM30x30,4251740850950
4393AccM30x30,4251740850967
4394AccM30x30,4251740850974
4395AccM30x30,4251740850981
4396AccM30x30,4251740850998
4397AccM30x30,4251740851001
4398AccM30x30,4251740851018
4399AccM30x30,4251740851025
