ean,qty
4251469459618,2
4251469459465,2
4251469459441,2
4251469459489,2
4251469459991,2
4251469459953,2
4181469459946,1
4251469459977,2
4251469458123,5
4251469458116,4
4251469459984,2
4251469459434,2
4251469459472,2
4251469459588,2
4251469459960,2
4251469459922,2
4251469459939,2
4251469458222,11
4251469459625,2
4251469459632,2
4251469459649,2
4251469459595,2
4251469459571,2
4251469459823,2
4251469459601,2
4251469458208,6
4251469479104,2
4251469433205,2
4251469432390,2
4251469436237,2
4251469478701,2
4251469446441,2
4251469433212,2
4251469478787,2
4251469478756,2
4251469429659,2
4251469433175,2
4251469478763,2
4251469478732,2
4251469433304,2
4251469446854,2
4251469436176,2
4251469478725,2
4251469409378,6
4251469447783,2
4251469450936,6
4251469433229,2
4251469430105,2
4251469420519,2
4251469479005,2
4251469447776,2
4251469433168,2
4251469429871,2
4251469433250,2
4251469450943,2
4251469448759,2
4251469441460,2
4251469409262,3
4251469433182,2
4251469435629,2
4251469434813,2
4251469429666,2
4251469441101,2
4251469440623,2
4251469436244,2
4251469441088,2
4251469430075,2
4251469475038,2
4251469435612,2
4251469478770,2
4251469436183,2
4251469478688,2
4251469433243,2
4251469446747,2
4251469446946,2
4251469430082,2
4251469436206,2
4251469417267,2
4251469478718,2
4251469474932,2
4251469447752,3
4251469478749,2
4251469430129,2
4251469431782,2
4251469431720,2
4251469431799,2
4251469431805,1
4251469431850,2
4251469431706,2
4251469431775,2
4251469431751,2
4251469431737,2
4251469431911,2
4251469431867,2
4251469431829,2
4251469431843,2
4251469431874,2
4251469431881,2
4251469431836,2
4251469431812,2
4251469431713,2
4251469431744,2
4251469431768,2
4251469433151,2
4251469431904,2
4251469478992,2
4251469447677,2
4251469451032,2
4251469446380,2
4251469446670,2
4251469435414,2
4251469435384,2
4251469435391,2
4251469446748,2
4251469436046,2
4251469436039,2
4251469433106,2
4251469435902,2
4251469451063,2
4251469439870,2
4251469432932,2
4251469440463,2
4251469432987,2
4251469431300,2
4251469446809,2
4251469448537,2
4251469432994,2
4251469448445,4
4251469439832,2
4251469417250,2
4251469447769,2
4251469433038,2
4251469433090,2
4251469419919,2
4251469433076,2
4251469433021,2
4251469432956,2
4251469435988,2
4251469432826,2
4251469436152,2
4251469429840,2
4251469447981,2
4251469429543,2
4251469433014,2
4251469478985,2
4251469446731,2
4251469429338,2
4251469433113,2
4251469439924,2
4251469429963,2
4251469432963,2
4251469432949,2
4251469433137,2
4251469449145,2
4251469448667,2
4251469441064,2
4251469433007,2
4251469478978,2
4251469429536,2
4251469416994,2
4251469409361,4
4251469420229,2
4251469430020,2
4251469429345,2
4251469433083,2
4251469439801,2
4251469429901,2
4251469435964,2
4251469429833,2
4251469447486,2
4251469432970,2
4251469419926,2
4251469447684,2
4251469436053,2
4251469478626,2
4251469433045,2
4251469439849,2
4251469439917,2
4251469435933,2
4251469478947,2
4251469439887,2
4251469478961,2
4251469429857,2
4251469449138,2
4251469431645,2
4251469431683,2
4251469431690,2
4251469448193,2
4251469431607,2
4251469431539,2
4251469431591,2
4251469431676,2
4251469431492,2
4251469431508,2
4251469431522,2
4251469479135,2
4251469478954,2
4251469429932,2
4251469479142,2
4251469437074,2
4251469449176,2
4251469435407,2
4251469435360,2
4251469435353,2
4251469435346,2
4251469431638,2
4251469431669,2
4251469431614,2
4251469431621,2
4251469435377,2
4251469431577,2
4251469431560,2
4251469431515,2
4251469441484,2
4215496419896,2
4251469446663,2
4251469478930,2
4251469433717,1
4251469465404,1
4251469479159,1
4251469475045,1
4251469435490,1
4251469435544,1
4251469434950,1
4251469434929,1
4251469434974,1
4251469435476,1
4251469435001,1
4251469474482,1
4251469435162,1
4251469435131,1
4251469419100,1
4251469447004,1
4251469419971,1
4251469440784,1
4251469430426,1
4251469440821,1
4251469446649,1
4251469446540,1
4251469430365,1
4251469449053,1
4251469430341,2
4251469429376,1
4251469419803,1
4251469419957,1
4251469419780,1
4251469433649,1
4251469433601,1
4251469433694,1
4251469433632,1
4251469449381,1
4251469449374,1
4251469449640,1
4251469449398,1
4251469449367,1
4251469449350,1
4251469449343,1
4251469457553,2
4251469457935,2
4251469433557,1
4251469433687,1
4251469433533,1
4251469433625,1
4251469433656,1
4251469420441,1
4251469420458,1
4251469417151,1
4251469417182,1
4251469448919,1
4251469436947,1
4251469436855,1
4251469436831,1
4251469436886,1
4251469436848,1
4251469436893,1
4251469436824,1
4251469436923,1
4251469436817,1
4251469436879,1
4251469420281,1
4251469417076,1
4251469438415,1
4251469420007,1
4251469432437,1
4251469432420,1
4251469437487,1
4251469447516,1
4251469451148,1
4251469441132,1
4251469441149,1
4251469447608,1
4251469446465,1
4251469432659,1
4251469417052,1
4251469448964,1
4251469419940,1
4251469417205,1
4251469448957,1
4251469420298,1
4251469441408,1
4251469419964,1
4251469447455,1
4251469419995,1
4251469472624,1
4251469473966,1
4251469472730,1
4251469438408,1
4251469475229,1
4251469475212,1
4251469474925,1
4251469429642,1
4251469446564,1
4251469440036,1
4251469429321,1
4251469430655,1
4251469429505,1
4251469417427,1
4251469440920,1
4251469430686,1
4251469430693,1
4251469440876,1
4251469417793,1
4251469417724,1
4251469446588,1
4251469430419,1
4251469433571,1
4251469433670,1
4251469433700,1
4251469433540,1
4251469433731,1
4251469478671,1
4251469449688,1
4251469449763,1
4251469417168,1
4251469436930,1
4251469478633,1
4251469446489,1
4251469420083,1
4251469417335,1
4251469431126,1
4251469474765,1
4251469474789,1
4251469474840,1
4251469474833,1
4251469474857,1
4251469474772,1
4251469429673,1
4251469441231,1
4251469446557,1
4251469430228,1
4251469440852,1
4251469446977,1
4251469416901,1
4251469431065,1
4251469432314,1
4251469440005,1
4251469447011,1
4251469475199,1
4251469430563,1
4251469431119,1
4251469447028,1
4251469431072,1
4251469447042,1
4251469440265,1
4251469420045,1
4251469431096,1
4251469447097,1
4251469447592,1
4251469446632,1
4251468446618,1
4251469431140,1
4251469430495,1
4251469440272,1
4251469430884,1
4251469416932,1
4251469431089,1
4251469449060,1
4251469417304,1
4251469430457,1
4251469417298,1
4251469430471,1
4251469431102,1
4251469440838,1
4251469420199,1
4251469416949,1
4251469432468,1
4251469420052,1
4251469429741,1
4251469430518,1
4251469416215,1
4251469416628,1
4251469429192,1
4251469474185,1
4251469477537,1
4251469477544,1
4251469415232,1
4251469415324,1
4251469416499,1
4251469415713,1
4251469415065,1
4251469415942,1
4251469416345,1
4251469415621,1
4251469415416,1
4251469416338,1
4251469415478,1
4251469414754,1
4251469415706,1
4251469415362,1
4251469414921,1
4251469414846,1
4251469414853,2
4251469415928,1
4251469415584,1
4251469416383,1
4251469416239,1
4251469415034,1
4251469415010,1
4251469415515,1
4251469416178,1
4251469416185,1
4251469415522,1
4251469416192,1
4251469416529,1
4251469415539,1
4251469414815,1
4251469415560,1
4251469415546,1
4251469416536,1
4251469415003,1
4251469416130,1
4251469415454,1
4251469415799,1
4251469415805,1
4251469414952,1
4251469415348,1
4251469415447,1
4251469415423,1
4251469415690,1
4251469416673,1
4251469416505,1
4251469416147,1
4251469414808,1
4251469415317,1
4251469415850,1
4251469416376,1
4251469474383,5
4251469415386,1
4251469416734,8
4251469474284,1
4251469416079,1
4251469415607,1
4251469415225,1
4251469415072,1
4251469474475,1
4251469474505,1
4251469474246,1
4251469474277,1
4251469415935,1
4251469415294,1
4251469415720,1
4251469423695,1
4251469461673,1
4251469438262,1
4251469438224,1
4251469474192,1
4251469474208,1
4251469474215,1
4251469474376,3
4251469428317,1
4251469428270,1
4251469474222,1
4251469474154,1
4251469474161,1
4251469474178,1
4251469414686,1
4251469414679,1
4251469414648,1
4251469414617,1
4251469414655,1
4251469414624,1
4251469414662,1
4251469414693,1
4251469474314,2
4251469438255,1
4251469438309,1
4251469478411,3
4251469474437,2
4251469472327,1
4251469472600,1
4251469438248,1
4251469438279,1
4251469438965,1
4251469428447,12
4251469428386,5
4251469428423,3
4251469428393,2
4251469428379,3
4251469428416,3
4251469425224,1
4251469424763,1
4251469421684,1
4251469423527,1
4251469423626,1
4251469423619,1
4251469423602,1
4251469423374,1
4251469423367,1
4251469423596,1
4251469474017,1
4251469474024,1
4251469474031,1
4251469474048,1
4251469428713,2
4251469473577,1
4251469425286,1
4251469425309,1
4251469425262,1
4251469424975,1
4251469425019,1
4251469425163,1
4251469425149,1
4251469425088,1
4251469425118,1
4251469425132,1
4251469425323,1
4251469425033,1
4251469425200,1
4251469425040,1
4251469425071,1
4251469425125,1
4251469425101,1
4251469425217,1
4251469425255,1
4251469425057,1
4251469425248,1
4251469424982,1
4251469424999,1
4251469425279,1
4251469425316,1
4251469425194,1
4251469424968,1
4251469423725,1
4251469425293,1
4251469428812,1
4251469424470,1
4251469424371,1
4251469423558,1
4251469424456,1
4251469424425,1
4251469423961,1
4251469424876,1
4251469424432,1
4251469424418,1
4251469423893,1
4251469424388,1
4251469423497,1
4251469423503,1
4251469424517,1
4251469423541,1
4251469423534,1
4251469423510,1
4251469423923,1
4251469428591,7
4251469413351,1
4251469428966,1
4251469428737,2
4251469423640,1
4251469425187,1
4251469424869,1
4251469425231,1
4251469425002,1
4251469425064,1
4251469423473,1
4251469423466,1
4251469423459,1
4251469423480,1
4251469423435,1
4251469423428,1
4251469421677,1
4251469424524,1
4251469423411,1
4251469424531,1
4251469423404,1
4251469424548,1
4251469423398,1
4251469423381,1
4251469423732,1
4251469423947,1
4251469423589,1
4251469424487,1
4251469445284,1
4251469445291,1
4251469445857,1
4251469445277,1
4251469445369,1
4251469445376,1
4251469445864,1
4251469425354,1
4251469425361,1
4251469477582,1
4251469410428,1
4251469429048,1
4251469410206,2
4251469410176,15
4251469410596,3
4251469410497,1
4251469429031,2
4251469464926,1
4251469425507,1
4251469425422,1
4251469424814,1
4251469425415,1
4251469425408,1
4251469443853,1
4251469438866,1
4251469438859,1
4251469425453,1
4251469425392,1
4251469425439,1
4251469425484,1
4251469425491,1
4251469425514,1
4251469442474,1
4251469442481,1
4251469442498,1
4251469478664,1
4251469478657,1
4251469478640,1
4251469424791,1
4251469410435,1
4251469443761,1
4251469425477,1
4251469425460,1
4251469410527,1
4251469443754,1
4251469473973,1
4251469472815,1
4251469409354,1
4251469409460,1
4251469424807,1
4251469424838,1
4251469410183,1
4251469429086,1
4251469429055,1
4251469413306,3
4251469413344,3
4251469424302,1
4251469424555,1
4251469424272,1
4251469421271,1
4251469421318,1
4251469421288,1
4251469421363,1
4251469421110,1
4251469421486,1
4251469421462,1
4251469421479,1
4251469421455,1
4251469421448,1
4251469421431,1
4251469421325,1
4251469421219,1
4251469421080,1
4251469421059,1
4251469421400,1
4251469421394,1
4251469421424,1
4251469421592,1
4251469421196,1
4251469421578,1
4251469478558,1
4251469478541,1
4251469421387,1
4251469421356,1
4251469424135,1
4251469428607,8
4251469424173,1
4251469424203,1
4251469424227,1
4251469423664,1
4251469421561,1
4251469421073,1
4251469421172,1
4251469421103,1
4251469421158,1
4251469421097,1
4251469421240,1
4251469421134,1
4251469428881,2
4251469428973,1
4251469428935,2
4251469428829,1
4251469421066,1
4251469424012,1
4251469424050,1
4251469424104,1
4251469421042,1
4251469421257,1
4251469423985,1
4251469424319,1
4251469421530,1
4251469424913,1
4251469421189,1
4251469421349,1
4251469421264,1
4251469421509,1
4251469421516,1
4251469421523,1
4251469421554,1
4251469421653,1
4251469421295,1
4251469421660,1
4251469421691,1
4251469421639,1
4251469421615,1
4251469421608,1
4251469424265,1
4251469473218,1
4251469441729,1
4251469441736,1
4251469441774,1
4251469441767,1
4251469441750,1
4251469410565,4
4251469410237,3
4251469441842,1
4251469442047,1
4251469442030,1
4251469442054,1
4251469442061,1
4251469441927,1
4251469442016,1
4251469445024,2
4251469444959,1
4251469442221,1
4251469441941,1
4251469442108,1
4251469442092,1
4251469438231,1
4251469441958,1
4251469442207,1
4251469442238,1
4251469442191,1
4251469441989,1
4251469442160,1
4251469441781,1
4251469441835,1
4251469441804,1
4251469442139,1
4251469414563,1
4251469414525,1
4251469414600,1
4251469414587,1
4251469414495,1
4251469414594,1
4251469414501,1
4251469414532,1
4251469474321,1
4251469414570,1
4251469414556,1
4251469474253,1
4251469474260,1
4251469414518,1
4251469409927,19
4251469409897,6
4251469409880,8
4251469409903,3
4251469478510,1
4251469423718,1
4251469424111,1
4251469424081,1
4251469424067,1
4251469424036,1
4251469424029,1
4251469424005,1
4251469424043,1
4251469428362,6
4251469428430,1
4251469424333,1
4251469424258,1
4251469424296,1
4251469421165,1
4251469424241,1
4251469423701,1
4251469424142,1
4251469424159,1
4251469424166,1
4251469424197,1
4251469424210,1
4251469424234,1
4251469424074,1
4251469472280,2
4251469449701,1
4251469472273,2
4251469474444,3
4251469478527,1
4251469461888,1
4251469461833,1
4251469439719,1
4251469439740,1
4251469439757,1
4251469439764,1
4251469439733,1
4251469438217,1
4251469439795,1
4251469472334,1
4251469472402,1
4251469472259,1
4251469472242,1
4251469472594,1
4251469472235,1
4251469472396,1
4251469438194,1
4251469439771,1
4251469439788,1
4251469439726,1
4251469474413,1
4251469461871,1
4251469461918,1
4251469410510,1
4251469413320,9
4251469464735,1
4251469413283,8
4251469410190,7
4251469429000,2
4251469478404,2
4251469465169,1
4251469472488,1
4251469473126,1
4251469439306,1
4251469472457,1
4251469464933,1
4251469473867,1
4251469473843,1
4251469473034,1
4251469443709,1
4251469473164,1
4251469474345,1
4251469443778,1
4251469473119,1
4251469472976,1
4251469429024,1
4251469429017,2
4251469479098,1
4251469479128,1
4251469479111,1
4251469432062,1
4251469432031,1
4251469431935,1
4251469431973,1
4251469432017,1
4251469432055,1
4251469432116,1
4251469432086,1
4251469432109,1
4251469432024,1
4251469431997,1
4251469432000,1
4251469431942,1
4251469431966,1
4251469432093,1
4251469431959,1
4251469432048,1
4251469432079,1
4251469434936,1
4251469434967,1
4251469434837,1
4251469434806,1
4251469434981,1
4251469435421,1
4251469435445,1
4251469434998,1
4251469434899,1
4251469434882,1
4251469434905,1
4251469434783,1
4251469448766,1
4251469478695,1
4251469449923,2
4251469449336,1
4251469449312,1
4251469449329,1
4251469432253,1
4251469432277,1
4251469472693,1
4251469472679,1
4251469459724,1
4251469472716,1
4251469432284,1
4251469429888,1
4251469475090,1
4251469440524,1
4251469433489,1
4251469433502,1
4251469433434,1
4251469433427,1
4251469433267,1
4251469433496,1
4251469433458,1
4251469433472,1
4251469433328,1
4251469433281,1
4251469433410,1
4251469432642,1
4251469451070,1
4251469429598,1
4251469447813,1
4251469447790,1
4251469448773,1
4251469447820,1
4251469441002,1
4251469432628,1
4251469429611,1
4251469430266,1
4251469430167,1
4251469420274,1
4251469436398,1
4251469417175,1
4251469417038,1
4251469435636,1
4251469447899,1
4251469429864,1
4251469417922,2
4251469417274,1
4251469441019,1
4251469432635,1
4251469414488,1
4251469447912,1
4251469420526,1
4251469447844,1
4251469420533,1
4251469448872,1
4251469417007,1
4251469437159,1
4251469416895,1
4251469430990,1
4251469436312,1
4251469448841,1
4251469436367,1
4251469419742,1
4251469440746,1
4251469430280,1
4251469436299,1
4251469447806,1
4251469446991,1
4251469436282,1
4251469447837,1
4251469440364,1
4251469448926,1
4251469432833,1
4251469449244,1
4251469432413,1
4251469433380,1
4251469433403,1
4251469433342,1
4251469479012,1
4251469436350,1
4251469436381,1
4251469409279,3
4251469438361,1
4251469438354,1
4251469438347,1
4251469438385,1
4251469409385,2
4251469433298,1
4251469433366,1
4251469433311,1
4251469448797,1
4251469448834,1
4251469419865,1
4251469436794,1
4251469448858,1
4251469448780,1
4251469419599,1
4251469448902,1
4251469433397,1
4251469474390,1
4251469428911,5
4251469428928,4
4251469428904,4
4251469428898,3
4251469413337,6
4251469413290,8
4251469425538,1
4251469474338,1
4251469410305,1
4251469410268,1
4251469410374,3
4251469410404,4
4251469428997,2
4251469473379,1
4251469473850,1
4251469472655,1
4251469473959,1
4251469438910,1
4251469473720,1
4251469425545,1
4251469473881,1
4251469472648,1
4251469410329,1
4251469473942,1
4251469472631,1
4251469472662,1
4251469420540,1
4251469432918,1
4251469432895,1
4251469447349,1
4251469448155,1
4251469436749,1
4251469436732,1
4251469435841,1
4251469409705,1
4251469409637,1
4251469436725,1
4251469432925,1
4251469440425,1
4251469440180,1
4251469432376,1
4251469441699,1
4251469440159,1
4251469440418,1
4251469447363,1
4251469435827,1
4251469441682,1
4251469431478,1
4251469440166,1
4251469436756,1
4251469435803,1
4251469448117,1
4251469436688,1
4251469447936,1
4251469479166,1
4251469447400,1
4251469447974,1
4251469418226,1
4251469450363,1
4251469436664,1
4251469440173,1
4251469440135,1
4251469432338,1
4251469474871,1
4251469441194,1
4251469441279,1
4251469450967,1
4251469410718,1
4251469410572,1
4251469410701,1
4251469410541,1
4251469441125,1
4251469419933,1
4251469447738,1
4251469431270,1
4251469432291,1
4251469431263,1
4251469441071,1
4251469435568,1
4251469435537,1
4251469435452,1
4251469435483,1
4251469435551,1
4251469435575,1
4251469435506,1
4251469479081,1
4251469435308,1
4251469441187,1
4251469441446,1
4251469441163,1
4251469441255,1
4251469441248,1
4251469441477,1
4251469441224,1
4251469441286,1
4251469435032,1
4251469435049,1
4251469435056,1
4251469435216,1
4251469474529,1
4251469435193,1
4251469435247,1
4251469435278,1
4251469435254,1
4251469435209,1
4251469435261,1
4251469435186,1
4251469435223,1
4251469435179,1
4251469435230,1
4251469409583,1
4251469409651,1
4251469438477,1
4251469438576,1
4251469461222,1
4251469461215,1
4251469461239,1
4251469461260,1
4251469461284,1
4251469461277,1
4251469461307,1
4251469461291,1
4251469461321,1
4251469461314,1
4251469461246,1
4251469438484,1
4251469409286,1
4251469432482,1
4251469447158,1
4251469447448,1
4251469440845,1
4251469436466,1
4251469432604,1
4251469429758,1
4251469420014,1
4251469430525,1
4251469429727,1
4251469436442,1
4251469441026,1
4251469447165,1
4251469435681,1
4251469420038,1
4251469417069,1
4251469419827,1
4251469441293,1
4251469429703,1
4251469419858,1
4251469429710,1
4251469447622,1
4251469447431,1
4251469417311,1
4251469447905,1
4251469429734,1
4251469447080,3
4251469447523,2
4251469438545,1
4251469438422,1
4251469438521,1
4251469438446,1
4251469438491,1
4251469438460,1
4251469475144,1
4251469475151,1
4251469436916,2
4251469436961,1
4251469419841,1
4251469436862,1
4251469436954,1
4251469436909,1
4251469418134,1
4251469436978,1
4251469420304,1
4251469433816,1
4251469475076,1
4251469449404,1
4251469449428,1
4251469433847,1
4251469433830,1
4251469433861,1
4251469433755,1
4251469433854,1
4251469433908,1
4251469433823,1
4251469478824,1
4251469478817,1
4251469445475,1
4251469429383,1
4251469429406,1
4251469429390,1
4251469414983,1
4251469415737,1
4251469415133,1
4251469415676,1
4251469415614,1
4251469415089,1
4251469414976,1
4251469415140,1
4251469414914,1
4251469415287,1
4251469415812,1
4251469416123,1
4251469415874,1
4251469415249,1
4251469414747,1
4251469414990,1
4251469415836,1
4251469415171,1
4251469415195,1
4251469415164,1
4251469415157,1
4251469415775,1
4251469415744,1
4251469415201,1
4251469415119,1
4251469415218,1
4251469415829,1
4251469416321,1
4251469415751,1
4251469415355,1
4251469414907,1
4251469415638,1
4251469416093,1
4251469414891,1
4251469415256,1
4251469415492,1
4251469415430,1
4251469414785,1
4251469416512,1
4251469415188,1
4251469415409,1
4251469416116,1
4251469414860,1
4251469414877,1
4251469416604,1
4251469414884,1
4251469415843,1
4251469416161,1
4251469416154,1
4251469414839,1
4251469414969,1
4251469415485,1
4251469415652,1
4251469416314,1
4251469416307,1
4251469415461,1
4251469415379,1
4251469414945,1
4251469416598,1
4251469415782,1
4251469415102,1
4251469415508,1
4251469414778,1
4251469415867,1
4251469415768,1
4251469414792,1
4251469415263,1
4251469416581,1
4251469416109,1
4251469415683,1
4251469416291,1
4251469415904,1
4251469416369,1
4251469414709,1
4251469416222,1
4251469416543,1
4251469416550,1
4251469415027,1
4251469415577,1
4251469474598,1
4251469428287,1
4251469428300,1
4251469416208,1
4251469415881,1
4251469416352,1
4251469415898,1
4251469415553,1
4251469420618,1
4251469420595,1
4251469420687,1
4251469421745,1
4251469420649,1
4251469423862,1
4251469428867,7
4251469428775,4
4251469428584,8
4251469428454,6
4251469423879,1
4251469423886,1
4251469420564,1
4251469428621,1
4251469428676,3
4251469420571,1
4251469424920,1
4251469474062,1
4251469474055,1
4251469420861,1
4251469420946,1
4251469421714,1
4251469428720,1
4251469428805,1
4251469428959,2
4251469428683,2
4251469420632,1
4251469420830,1
4251469420557,1
4251469421035,1
4251469420977,1
4251469420922,1
4251469420885,1
4251469421028,1
4251469421004,1
4251469420953,1
4251469420878,1
4251469420991,1
4251469420625,1
4251469420960,1
4251469420793,1
4251469420601,1
4251469420656,1
4251469420670,1
4251469420786,1
4251469420854,1
4251469420847,1
4251469420892,1
4251469420823,1
4251469420694,1
4251469420731,1
4251469420724,1
4251469420717,1
4251469420755,1
4251469420762,1
4251469420779,1
4251469421721,1
4251469473997,1
4251469421752,1
4251469420663,1
4251469475182,1
4251469434868,1
4251469420120,1
4251469449619,1
4251469450370,1
4251469447585,1
4251469436695,1
4251469420182,1
4251469434103,1
4251469440401,1
4251469434165,1
4251469434080,1
4251469433960,1
4251469450318,1
4251469450134,1
4251469450349,1
4251469450035,1
4251469450325,1
4251469450288,1
4251469417090,1
4251469450387,1
4251469417984,1
4251469417083,1
4251469420328,1
4251469418035,1
4251469418066,1
4251469418073,1
4251469418127,1
4251469418080,1
4251469417908,1
4251469431133,1
4251469441316,1
4251469449077,1
4251469417755,1
4251469417601,1
4251469417588,1
4251469417571,1
4251469417533,1
4251469417359,1
4251469417472,1
4251469417465,1
4251469474826,1
4251469450417,1
4251469474802,1
4251469475069,1
4251469474819,1
4251469474796,1
4251469475205,1
4251469478862,1
4251469478831,1
4251469409774,1
4251469409712,1
4251469420113,1
4251469431201,1
4251469430839,1
4251469429802,1
4251469417878,1
4251469441361,1
4251469431171,1
4251469432369,1
4251469448124,1
4251469432512,1
4251469430570,1
4251469417526,1
4251469447271,1
4251469447288,1
4251469417557,1
4251469417687,1
4251469417434,1
4251469417779,1
4251469440289,1
4251469417380,1
4251469431164,1
4251469448063,1
4251469417595,1
4251469449015,1
4251469446502,1
4251469431447,1
4251469448094,1
4251469440944,1
4251469430679,1
4251469447196,1
4251469430785,1
4251469430778,1
4251469430709,1
4251469417854,1
4251469447370,1
4251469435704,1
4251469430730,1
4251469431218,1
4251469417700,1
4251469446571,1
4251469417670,1
4251469441347,1
4251469416956,1
4251469417762,1
4251469416963,1
4251469435711,1
4251469447547,1
4251469475113,1
4251469472686,1
4251469435087,1
4251469435322,1
4251469435063,1
4251469432598,1
4251469429468,1
4251469429444,1
4251469429451,1
4251469429475,1
4251469429420,1
4251469429437,1
4251469474918,1
4251469433946,1
4251469457560,8
4251469478886,1
4251469433915,1
4251469433939,1
4251469433922,1
4251469448971,1
4251469420311,1
4251469436985,1
4251469417236,1
4251469475137,1
4251469475168,1
4251469475175,1
4251469451131,1
4251469432666,1
4251469429789,1
4251469436480,1
4251469441323,1
4251469447646,1
4251469441033,1
4251469440371,1
4251469441309,1
4251469432321,1
4251469449466,1
4251469449695,1
4251469449787,1
4251469449824,1
4251469451117,1
4251469461420,1
4251469461413,1
4251469461406,1
4251469461390,1
4251469461383,1
4251469461376,1
4251469461369,1
4251469461352,1
4251469461345,1
4251469461338,1
4251469449664,1
4251469449749,1
4251469449817,1
4251469449497,1
4251469449671,1
4251469449510,1
4251469449732,1
4251469449442,1
4251469449459,1
4251469458130,2
4251469457942,5
4251469457492,2
4251469460003,1
4251469432581,1
4251469409668,3
4251469457744,12
4251469449473,1
4251469409590,1
4251469432499,1
4251469438668,1
4251469409736,2
4251469431331,1
4251469431362,1
4251469431324,1
4251469438613,1
4251469438620,1
4251469431485,1
4251469438552,1
4251469438606,1
4251469438590,1
4251469438583,1
4251469438637,1
4251469438644,1
4251469438651,1
4251469438682,1
4251469438699,1
4251469438705,1
4251469461925,1
4251469409408,1
4251469444546,1
4251469478565,1
4251469472839,1
4251469441903,1
4251469441880,1
4251469442153,1
4251469442146,1
4251469442177,1
4251469441866,1
4251469441873,1
4251469441798,1
4251469441811,1
4251469442122,1
4251469441828,1
4251469442085,1
4251469445161,1
4251469445147,1
4251469472822,1
4251469473300,1
4251469472846,1
4251469473225,1
4251469473232,1
4251469444805,1
4251469444799,1
4251469445055,1
4251469444751,1
4251469410671,1
4251469444614,1
4251469444584,1
4251469444591,1
4251469444577,1
4251469444553,1
4251469444539,1
4251469444522,1
4251469444737,1
4251469445192,1
4251469445208,1
4251469444928,1
4251469444515,1
4251469444560,1
4251469444782,1
4251469444775,1
4251469444607,1
4251469444713,1
4251469444720,1
4251469444706,1
4251469444690,1
4251469444683,1
4251469444669,1
4251469444652,1
4251469444621,1
4251469444638,1
4251469444744,1
4251469445062,1
4251469444829,1
4251469444843,1
4251469444836,1
4251469444911,1
4251469445130,1
4251469444874,1
4251469444898,1
4251469444867,1
4251469444980,1
4251469444768,1
4251469444942,1
4251469444881,1
4251469444676,1
4251469445154,1
4251469444966,1
4251469445031,1
4251469445079,1
4251469445017,1
4251469444997,1
4251469445048,1
4251469445000,1
4251469444935,1
4251469444812,1
4251469444850,1
4251469444973,1
4251469444904,1
4251469473324,1
4251469445604,1
4251469445420,1
4251469445628,1
4251469445901,1
4251469445918,1
4251469445895,1
4251469445840,1
4251469445765,1
4251469445796,1
4251469445390,1
4251469445659,1
4251469446298,1
4251469446373,1
4251469445222,1
4251469473188,1
4251469473133,1
4251469473195,1
4251469474000,1
4251469473027,1
4251469473003,1
4251469472990,1
4251469473010,1
4251469472983,1
4251469472853,1
4251469472877,1
4251469472907,1
4251469472914,1
4251469472938,1
4251469472921,1
4251469472884,1
4251469472952,1
4251469472969,1
4251469441965,1
4251469441972,1
4251469442313,1
4251469442399,1
4251469442429,1
4251469442351,1
4251469442405,1
4251469445611,1
4251469445758,1
4251469445789,1
4251469477568,2
4251469477575,1
4251469409989,3
4251469410244,1
4251469445345,1
4251469445468,1
4251469445680,1
4251469441996,1
4251469442436,1
4251469442290,1
4251469441859,1
4251469442283,1
4251469442443,1
4251469442337,1
4251469445239,1
4251469445697,1
4251469445246,1
4251469445260,1
4251469445352,1
4251469445314,1
4251469445567,1
4251469445383,1
4251469445307,1
4251469445635,1
4251469445666,1
4251469445482,1
4251469445499,1
4251469445826,1
4251469442276,1
4251469445642,1
4251469445703,1
4251469445710,1
4251469445673,1
4251469445819,1
4251469473102,1
4251469473171,1
4251469472761,1
4251469472860,1
4251469473393,1
4251469472945,1
4251469473201,1
4251469445253,1
4251469472891,1
4251469442412,1
4251469410589,1
4251469434844,1
4251469435094,1
4251469434851,1
4251469435285,1
4251469429482,1
4251469429499,1
4251469441040,1
4251469449756,1
4251469417342,1
4251469450905,1
4251469431348,1
4251469409309,1
4251469409415,1
4251469417939,1
4251469417564,1
4251469449947,1
4251469449886,1
4251469450974,1
4251469434059,1
4251469434042,1
4251469434066,1
4251469434127,1
4251469434158,1
4251469474949,1
4251469433984,1
4251469417106,1
4251469446496,1
4251469417960,1
4251469437043,1
4251469437012,1
4251469437029,1
4251469448988,1
4251469437036,1
4251469417113,1
4251469420359,1
4251469418011,1
4251469436992,1
4251469447240,1
4251469441514,1
4251469449275,1
4251469432239,1
4251469475236,1
4251469461932,1
4251469438750,1
4251469438767,1
4251469438736,1
4251469438712,1
4251469447295,1
4251469448032,1
4251469420373,1
4251469475052,1
4251469431379,1
4251469447660,1
4251469441385,1
4251469447653,1
4251469417496,1
4251469447882,1
4251469447929,1
4251469447875,1
4251469436503,1
4251469441354,1
4251469440074,1
4251469475106,1
4251469449893,1
4251469449909,1
4251469450042,1
4251469448018,1
4251469447226,1
4251469449527,1
4251469449558,1
4251469409422,1
4251469438743,1
4251469438729,1
4251469461437,1
4251469420106,1
4251469478916,1
4251469478909,1
4251469461444,1
4251469461451,1
4251469461468,1
4251469461475,1
4251469461499,1
4251469461512,1
4251469461543,1
4251469461550,1
4251469461567,1
4251469461581,1
4251469438781,1
4251469457959,3
4251469458024,4
4251469449435,1
4251469434332,1
4251469478855,1
4251469434318,1
4251469440067,1
4251469474888,1
4251469436558,1
4251469447561,1
4251469474635,1
4251469474628,1
4251469474611,1
4251469472587,1
4251469472440,1
4251469472570,1
4251469472266,1
4251469474604,1
4251469437128,1
4251469474864,1
4251469420175,1
4251469420151,1
4251469429819,1
4251469437203,1
4251469450196,1
4251469450172,1
4251469450097,1
4251469434226,1
4251469434172,1
4251469434110,1
4251469447301,1
4251469420137,1
4251469432529,1
4251469461796,3
4251469461482,1
4251469461505,1
4251469461529,1
4251469461536,1
4251469461574,1
4251469441057,1
4251469457706,1
4251469461710,1
4251469461840,1
4251469461628,1
4251469461703,1
4251469461666,1
4251469429826,1
4251469440319,1
4251469449596,1
4251469432550,1
4251469409767,1
4251469478923,1
4251469450257,1
4251469450226,1
4251469450202,1
4251469450301,1
4251469418097,1
4251469432864,1
4251469432871,1
4251469461758,1
4251469461741,1
4251469461734,1
4251469461727,1
4251469461659,1
4251469461680,1
4251469461697,1
4251469457799,1
4251469457713,4
4251469461857,2
4251469461642,1
4251469461635,1
4251469461604,1
4251469461598,1
4251469474659,1
4251469461765,1
4251469461789,1
4251469461802,1
4251469461772,1
4251469423794,1
4251469472297,2
4251469472372,1
4251469472358,1
4251469423763,1
4251469472211,1
4251469439467,1
4251469410756,4
4251469410763,4
4251469437685,1
4251469472471,1
4251469437715,1
4251469439115,1
4251469472303,1
4251469472419,1
4251469472310,1
4251469472365,1
4251469437814,1
4251469437920,1
4251469437241,2
4251469474420,1
4251469472433,1
4251469438996,1
4251469472426,1
4251469472464,1
4251469477858,1
4251469437876,1
4251469478534,1
4251469438163,1
4251469438095,1
4251469437609,1
4251469438002,1
4251469437906,2
4251469437661,1
4251469437784,1
4251469437982,1
4251469438057,1
4251469437692,1
4251469437968,1
4251469437722,1
4251469437562,1
4251469438088,1
4251469438125,1
4251469437623,1
4251469437852,1
4251469438064,1
4251469437616,1
4251469437999,1
4251469438149,1
4251469437845,1
4251469437593,1
4251469437944,1
4251469437890,1
4251469437869,1
4251469438040,1
4251469437807,1
4251469437647,1
4251469437531,1
4251469438071,1
4251469437739,1
4251469437555,1
4251469437760,1
4251469437746,1
4251469437579,1
4251469437937,1
4251469437753,1
4251469438132,1
4251469437951,1
4251469437678,1
4251469438118,1
4251469437975,1
4251469437777,1
4251469437708,1
4251469437838,1
4251469423756,1
4251469423824,1
4251469437296,1
4251469437289,1
4251469437340,1
4251469437463,1
4251469437470,1
4251469437333,1
4251469437401,1
4251469437364,1
4251469437357,1
4251469439009,1
4251469437524,1
4251469437654,1
4251469438026,1
4251469438101,1
4251469438019,1
4251469423848,1
4251469438989,1
4251469437913,1
4251469437791,1
4251469438200,1
4251469438811,1
4251469437883,1
4251469437272,1
4251469437456,1
4251469437371,1
4251469437388,1
4251469437425,1
4251469437432,1
4251469461819,6
4251469416727,8
4251469416857,4
4251469416802,3
4251469461876,1
4251469444157,1
4251469444133,1
4251469444270,1
4251469444348,1
4251469444010,1
4251469444065,1
4251469465770,2
4251469444119,1
4251469444126,1
4251469444195,1
4251469444164,1
4251469446250,1
4251469444225,1
4251469444393,1
4251469444416,1
4251469444386,1
4251469444232,1
4251469444294,1
4251469444355,1
4251469444096,1
4251469446182,1
4251469446199,1
4251469446205,1
4251469465763,19
4251469446274,1
4251469444102,1
4251469444201,1
4251469443969,1
4251469444058,1
4251469444027,1
4251469444218,1
4251469444089,1
4251469409934,1
4251469472341,8
4251469444317,1
4251469460942,1
4251469461086,1
4251469461109,1
4251469444300,1
4251469465749,1
4251469474758,2
4251469473416,1
4251469473430,1
4251469473461,1
4251469473478,1
4251469472778,1
4251469472785,1
4251469472792,1
4251469472808,1
4251469461192,1
4251469461185,1
4251469461178,1
4251469461161,1
4251469461152,1
4251469461147,1
4251469461130,1
4251469461123,1
4251469461116,1
4251469474727,24
4251469474673,1
4251469444454,1
4251469444140,1
4251469444188,1
4251469446236,1
4251469444249,1
4251469444423,1
4251469444256,1
4251469444379,1
4251469443976,1
4251469443983,1
4251469444409,1
4251469444263,1
4251469444041,1
4251469446229,1
4251469461093,1
4251469460980,1
4251469461000,1
4251469461017,1
4251469460997,1
4251469461024,1
4251469461031,1
4251469461048,1
4251469461055,1
4251469461062,1
4251469460959,1
4251469460935,1
4251469460966,1
4251469475243,1
4251469461079,1
4251469465336,1
4251469410602,1
4251469461208,1
4251469465602,1
4251469465480,1
4251469465640,1
4251469465572,1
4251469465565,1
4251469465558,1
4251469465541,1
4251469465534,1
4251469465527,1
4251469465497,1
4251469465596,1
4251469465442,1
4251469465466,1
4251469465459,1
4251469465473,1
4251469465435,1
4251469465503,1
4251469465725,1
4251469465701,1
4251469465695,1
4251469465688,1
4251469465664,1
4251469465657,1
4251469465329,1
4251469465312,1
4251469465305,1
4251469465299,1
4251469465282,1
4251469465275,1
4251469465268,1
4215469461819,1
4251469474581,1
4251469444492,1
4251469461826,1
4251469410442,8
4251469410466,8
4251469428980,2
4251469465589,1
4251469465633,1
4251469465251,1
4251469465244,1
4251469465237,1
4251469465220,1
4251469465350,1
4251469465367,1
4251469465374,1
4251469465381,1
4251469465398,1
4251469465428,1
4251469465626,1
4251469465756,1
4251469465732,1
4251469465411,1
4251469472747,1
4251469438798,1
4251469428614,1
4251469465718,1
4251469418936,1
4251469418493,1
4251469418585,1
4251469419582,1
4251469419186,1
4251469418455,1
4251469418264,1
4251469419391,1
4251469419155,1
4251469418615,1
4251469419698,1
4251469419636,1
4251469419520,1
4251469419537,1
4251469419452,1
4251469419315,1
4251469419360,1
4251469477223,1
4251469419148,1
4251469419629,1
4251469419216,1
4251469419612,1
4251469419407,1
4251469419292,1
4251469419193,1
4251469419421,1
4251469419322,1
4251469419131,1
4251469419261,1
4251469419704,1
4251469419056,1
4251469419445,1
4251469419308,1
4251469418523,1
4251469419285,1
4251469419223,1
4251469419544,1
4251469477476,1
4251469418387,1
4251469477483,1
4251469477445,1
4251469477421,1
4251469477391,1
4251469477469,1
4251469477384,1
4251469477452,1
4251469477353,1
4251469477407,1
4251469477414,1
4251469477254,1
4251469477278,1
4251469477315,1
4251469477322,1
4251469477339,1
4251469477360,1
4251469477247,1
4251469477292,1
4251469477209,1
4251469477346,1
4251469477490,1
4251469477377,1
4251469477193,1
4251469477506,1
4251469477216,1
4251469477285,1
4251469477261,1
4251469477179,1
4251469477438,1
4251469477308,1
4251469477513,1
4251469477186,1
4251469462199,1
4251469462250,1
4251469468061,1
4251469468078,1
4251469468122,1
4251469468115,1
4251469468139,1
4251469466838,1
4251469449022,1
4251469467712,1
4251469467989,1
4251469467743,1
4251469467699,2
4251469467705,1
4251469467996,1
4251469468009,1
4251469468108,1
4251469468023,1
4251469468030,1
4251469468047,1
4251469468054,1
4251469468085,1
4251469468092,1
4251469462533,1
4251469462540,1
4251469462595,1
4251469467392,1
4251469462526,1
4251469462519,1
4251469462502,1
4251469462496,1
4251469462472,1
4251469462489,1
4251469462458,1
4251469462465,1
4251469467682,1
4251469467859,1
4251469467897,1
4251469467675,1
4251469467750,1
4251469467767,1
4251469467774,1
4251469467781,1
4251469467798,1
4251469467910,1
4251469467927,1
4251469467736,1
4251469467934,1
4251469467941,1
4251469467873,1
4251469467880,1
4251469467958,1
4251469466760,1
4251469467644,1
4251469467866,1
4251469467811,1
4251469467828,1
4251469467835,1
4251469467842,1
4251469467804,1
4251469467903,1
4251469467446,1
4251469467507,1
4251469467729,1
4251469467606,1
4251469467668,1
4251469467651,1
4251469466814,1
4251469466777,1
4251469467965,1
4251469467972,1
4251469466852,1
4251469466944,1
4251469467026,1
4251469467040,1
4251469467057,1
4251469467217,1
4251469467033,1
4251469467002,1
4251469466937,1
4251469466968,1
4251469466951,1
4251469466906,1
4251469466975,1
4251469466982,1
4251469467064,1
4251469466999,1
4251469466883,1
4251469466869,1
4251469467101,1
4251469467071,1
4251469467088,1
4251469467279,1
4251469467194,1
4251469466913,1
4251469467187,1
4251469467156,1
4251469467316,1
4251469467149,1
4251469467170,1
4251469467125,1
4251469466845,1
4251469467309,1
4251469462137,1
4251469467262,1
4251469467231,1
4251469462175,1
4251469467224,1
4251469462571,1
4251469467385,1
4251469467378,1
4251469467361,1
4251469467200,1
4251469467422,1
4251469467354,1
4251469467347,1
4251469467330,1
4251469467323,1
4251469467460,1
4251469467576,1
4251469467613,1
4251469467637,1
4251469467569,1
4251469467545,1
4251469462557,1
4251469462564,1
4251469462021,1
4251469461994,1
4251469462014,1
4251469461970,1
4251469462304,1
4251469461963,1
4251469462403,1
4251469462335,1
4251469462410,1
4251469462588,1
4251469462236,1
4251469462441,1
4251469462328,1
4251469462366,1
4251469462267,1
4251469462144,1
4251469462052,1
4251469462120,1
4251469462090,1
4251469462168,1
4251469462151,1
4251469462274,1
4251469462281,1
4251469462311,1
4251469462298,1
4251469462243,1
4251469462212,1
4251469462397,1
4251469461956,1
4251469462229,1
4251469462038,1
4251469461987,1
4251469462182,1
4251469462205,1
4251469462434,1
4251469466784,1
4251469466821,1
4251469466753,1
4251469466746,1
4251469448827,1
4251469462069,1
4251469462076,1
4251469462427,1
4251469462083,1
4251469466791,1
4251469462359,1
4251469466807,1
4251469448742,1
4251469467118,1
4251469466876,1
4251469467248,1
4251469467521,1
4251469467514,1
4251469467484,1
4251469467491,1
4251469467477,1
4251469467453,1
4251469467439,1
4251469467415,1
4251469467620,1
4251469467590,1
4251469467583,1
4251469467552,1
4251469462007,1
4251469467538,1
4251469462380,1
4251469462342,1
4251469462373,1
4251469462045,1
4251469462113,1
4251469462106,1
4251469467255,1
4251469467408,1
4251469469662,1
4251469469648,1
4251469469655,1
4251469469631,1
4251469469624,1
4251469469617,1
4251469469600,1
4251469469594,1
4251469469587,1
4251469469570,1
4251469469563,1
4251469469679,1
4251469469686,1
4251469469693,1
4251469469709,1
4251469469716,1
4251469469723,1
4251469469730,1
4251469469747,1
4251469469754,1
4251469469761,1
4251469469778,1
4251469469785,1
4251469469792,1
4251469469808,1
4251469469815,1
4251469469822,1
4251469469839,1
4251469469846,1
4251469469853,1
4251469469860,1
4251469469884,1
4251469469877,1
4251469469891,1
4251469469907,1
4251469469914,1
4251469469921,1
4251469469938,1
4251469469945,1
4251469469952,1
4251469469969,1
4251469469976,1
4251469469983,1
4251469470002,1
4251469469990,1
4251469470019,1
4251469470026,1
4251469470033,1
4251469470040,1
4251469470057,1
4251469470064,1
4251469470071,1
4251469470088,1
4251469470095,1
4251469470101,1
4251469470118,1
4251469470125,1
4251469470132,1
4251469470149,1
4251469470156,1
4251469470163,1
4251469470170,1
4251469470187,1
4251469470194,1
4251469470200,1
4251469470217,1
4251469470224,1
4251469470231,1
4251469470248,1
4251469470255,1
4251469470262,1
4251469470286,1
4251469470279,1
4251469470316,1
4251469470309,1
4251469470323,1
4251469470330,1
4251469470347,1
4251469470354,1
4251469470361,1
4251469470378,1
4251469470385,1
4251469470392,1
4251469470408,1
4251469470415,1
4251469470422,1
4251469470439,1
4251469470446,1
4251469470453,1
4251469470460,1
4251469470477,1
4251469470484,1
4251469470491,1
4251469470507,1
4251469468917,1
4251469468924,1
4251469468931,1
4251469468948,1
4251469468887,1
4251469468894,1
4251469468900,1
4251469468849,1
4251469468856,1
4251469468863,1
4251469468870,1
4251469468795,1
4251469468801,1
4251469468818,1
4251469468825,1
4251469468832,1
4251469466296,1
4251469468764,1
4251469468771,1
4251469468788,1
4251469466333,1
4251469466326,1
4251469466319,1
4251469466302,1
4251469466371,1
4251469466364,1
4251469466357,1
4251469466340,1
4251469466425,1
4251469466418,1
4251469466401,1
4251469466395,1
4251469466388,1
4251469466463,1
4251469466456,1
4251469466449,1
4251469466432,1
4251469466548,1
4251469466531,1
4251469466524,1
4251469466517,1
4251469466500,1
4251469466494,1
4251469466487,1
4251469466470,1
4251469470293,1
4251469460768,1
4251469410121,1
4251469410152,2
4251469410138,3
4251469460744,1
4251469460713,1
4251469460720,1
4251469460737,1
4251469460683,1
4251469460690,1
4251469460706,1
4251469460645,2
4251469460669,1
4251469460676,1
4251469460621,1
4251469460638,1
4251469460553,1
4251469460607,1
4251469460614,1
4251469460584,1
4251469460577,1
4251469460560,1
4251469460300,1
4251469460317,1
4251469460263,1
4251469460287,1
4251469460249,1
4251469460256,1
4251469460133,1
4251469460106,1
4251469478794,1
4251469478572,1
4251469410091,1
4251469460881,2
4251469443105,1
4251469443570,1
4251469443099,1
4251469442955,1
4251469460867,1
4251469460843,1
4251469460829,1
4251469460836,1
4251469460805,1
4251469460812,1
4251469460799,1
4251469460782,1
4251469460751,1
4251469478589,1
4251469460775,1
4251469410299,2
4251469410282,2
4251469410398,8
4251469410503,2
4251469410350,2
4251469410084,3
4251469410473,4
4251469410251,2
4251469410169,28
4251469410367,6
4251469410343,2
4251469460539,1
4251469460546,1
4251469460591,1
4251469460492,1
4251469460508,1
4251469460522,1
4251469460461,1
4251469460478,1
4251469460485,1
4251469460430,1
4251469460447,1
4251469460454,1
4251469460393,1
4251469460409,1
4251469460416,1
4251469460362,1
4251469460379,1
4251469460386,1
4251469460331,1
4251469460355,1
4251469460348,1
4251469460324,1
4251469460294,1
4251469460232,1
4251469460201,1
4251469460218,1
4251469460225,1
4251469460188,1
4251469460171,1
4251469460195,1
4251469460164,1
4251469460140,1
4251469460157,1
4251469460119,1
4251469460126,1
4251469460096,1
4251469460072,1
4251469460089,1
4251469460058,1
4251469460065,1
4251469460034,1
4251469460041,1
4251469460010,1
4251469473508,1
4251469473157,1
4251469473546,1
4251469473058,1
4251469473041,1
4251469473263,1
4251469473096,1
4251469473539,1
4251469473256,1
4251469473560,1
4251469473522,1
4251469473515,1
4251469473553,1
4251469473492,1
4251469473485,1
4251469460928,1
4251469460027,1
4251469478800,1
4251469409910,1
4251469410022,1
4251469410411,2
4251469474680,19
4251469474703,1
4251469442580,1
4251469460850,1
4251469410107,6
4251469410039,4
4251469409996,15
4251469410077,3
4251469410060,6
4251469410015,5
4251469442528,1
4251469442894,1
4251469442900,1
4251469442870,1
4251469442610,1
4251469409972,4
4251469410534,3
4251469478442,2
4251469439269,1
4251469439252,1
4251469439610,1
4251469439566,1
4251469439184,1
4251469439276,1
4251469438903,1
4251469439238,1
4251469439474,1
4251469439351,1
4251469439221,1
4251469439443,1
4251469439337,1
4251469439627,1
4251469439344,1
4251469439191,1
4251469439559,1
4251469439634,1
4251469439139,1
4251469439511,1
4251469439313,1
4251469439283,1
4251469439207,1
4251469439481,1
4251469439429,1
4251469438927,1
4251469439603,1
4251469438972,1
4251469439214,1
4251469439498,1
4251469439245,1
4251469439450,1
4251469439573,1
4251469439030,1
4251469409873,4
4251469439436,1
4251469410794,5
4251469409859,5
4251469401693,18
4251469439023,1
4251469438897,1
4251469472501,1
4251469472518,1
4251469472556,1
4251469472495,1
4251469472549,1
4251469439320,1
4251469477865,1
4251469478466,1
4251469478480,1
4251469478497,1
4251469412675,27
4251469412668,28
4251469412682,30
4251469412651,50
4251469429109,4
4251469428355,13
4251469428348,13
4251469428294,9
4251469473805,1
4251469473621,1
4251469473607,1
4251469473768,1
4251469473645,1
4251469473799,1
4251469473614,1
4251469473638,1
4251469473591,1
4251469473669,1
4251469473751,1
4251469473683,1
4251469473775,1
4251469473782,1
4251469474468,2
4251469429093,5
4251469473744,1
4251469473737,1
4251469472525,1
4251469478459,1
4251469474451,1
4251469439108,1
4251469439290,1
4251469438880,1
4251469439504,1
4251469439542,1
4251469428225,1
4251469428263,4
4251469428164,1
4251469428102,1
4251469428232,1
4251469428256,1
4251469428249,1
4251469439016,1
4251469474307,2
4251469428119,1
4251469474130,1
4251469474147,1
4251469474116,1
4251469428072,1
4251469428188,1
4251469428089,1
4251469428133,1
4251469428096,1
4251469428195,1
4251469428140,1
4251469474093,1
4251469428126,1
4251469474109,1
4251469474123,2
4251469474086,1
4251469474352,1
4251469474291,1
4251469412712,12
4251469412699,8
4251469474536,2
4251469474543,4
4251469474550,2
4251469412729,26
4251469412705,7
4251469422292,1
4251469428690,2
4251469428744,1
4251469428782,4
4251469428560,6
4251469428461,6
4251469428836,4
4251469428751,3
4251469413276,5
4251469428843,4
4251469473829,1
4251469413313,1
4251469422490,1
4251469422605,1
4251469422544,1
4251469422674,1
4251469421912,1
4251469422094,2
4251469422261,1
4251469421837,1
4251469422759,1
4251469422162,1
4251469473812,1
4251469473713,1
4251469473836,1
4251469473928,1
4251469473652,1
4251469473935,1
4251469473898,1
4251469422452,1
4251469422513,1
4251469422667,1
4251469422858,1
4251469422438,1
4251469422445,1
4251469421851,1
4251469422421,1
4251469422414,1
4251469421967,1
4251469422087,1
4251469422582,1
4251469421899,1
4251469422612,1
4251469422520,1
4251469422551,1
4251469422735,1
4251469422322,1
4251469422797,1
4251469422476,1
4251469422377,1
4251469421929,1
4251469421806,1
4251469422681,1
4251469422278,1
4251469422353,1
4251469422575,1
4251469422650,1
4251469421981,1
4251469421776,1
4251469421998,1
4251469422315,1
4251469422711,1
4251469422018,1
4251469421943,1
4251469451247,4
4251469422209,1
4251469422049,1
4251469421950,1
4251469422056,1
4251469422629,1
4251469422193,1
4251469421790,1
4251469422131,1
4251469422148,1
4251469422407,1
4251469422179,1
4251469422360,1
4251469422032,1
4251469422001,1
4251469422070,1
4251469422025,1
4251469422803,1
4251469422636,1
4251469470637,1
4251469470682,1
4251469472204,2
4251469469365,1
4251469469471,1
4251469468955,1
4251469472228,15
4251469468993,1
4251469468962,1
4251469468986,1
4251469468979,1
4251469469235,1
4251469469143,1
4251469469068,1
4251469469013,1
4251469469006,1
4251469469044,1
4251469469020,1
4251469469037,1
4251469469051,1
4251469469075,1
4251469469099,1
4251469469082,1
4251469469136,1
4251469469105,1
4251469469112,1
4251469469129,1
4251469469174,1
4251469469150,1
4251469469167,1
4251469469181,1
4251469469198,1
4251469469211,1
4251469469204,1
4251469469228,1
4251469469259,1
4251469469242,1
4251469469280,1
4251469469266,1
4251469469273,1
4251469469303,1
4251469469297,1
4251469469334,1
4251469469310,1
4251469469327,1
4251469469358,1
4251469469341,1
4251469472198,1
4251469472143,1
4251469469501,1
4251469469433,1
4251469469419,1
4251469469389,1
4251469469372,1
4251469469396,1
4251469469402,1
4251469469426,1
4251469469464,1
4251469469440,1
4251469469457,1
4251469469488,1
4251469469495,1
4251469471535,1
4251469469532,1
4251469469525,1
4251469469518,1
4251469471467,1
4251469469549,1
4251469471443,1
4251469469556,1
4251469471436,1
4251469471450,1
4251469471474,1
4251469471481,1
4251469471528,1
4251469471504,1
4251469471498,1
4251469471511,1
4251469471542,1
4251469471573,1
4251469471559,1
4251469471566,1
4251469472150,1
4251469471580,1
4251469471597,1
4251469471610,1
4251469471603,1
4251469471627,1
4251469471634,1
4251469472167,1
4251469471641,1
4251469471658,1
4251469471993,1
4251469472174,1
4251469472013,1
4251469472037,1
4251469472006,1
4251469472020,1
4251469472044,1
4251469472068,1
4251469472051,1
4251469472075,1
4251469472181,1
4251469472082,1
4251469472099,1
4251469472105,1
4251469472136,1
4251469472129,1
4251469472112,1
4251469478619,1
4251469470644,1
4251469470514,1
4251469470521,1
4251469470675,1
4251469470613,1
4251469470545,1
4251469470590,1
4251469470538,1
4251469470552,1
4251469470569,1
4251469470620,1
4251469470576,1
4251469470606,1
4251469470583,1
4251469470668,1
4251469470651,1
4251469470699,1
4251469470705,1
4251469470712,1
4251469470729,1
4251469470736,1
4251469470767,1
4251469470743,1
4251469470750,1
4251469470804,1
4251469470781,1
4251469470798,1
4251469470811,1
4251469470774,1
4251469470828,1
4251469470835,1
4251469471832,1
4251469470842,1
4251469471887,1
4251469470866,1
4251469470859,1
4251469470873,1
4251469471979,1
4251469470880,1
4251469470996,1
4251469470897,1
4251469470903,1
4251469470910,1
4251469470972,1
4251469470934,1
4251469470927,1
4251469470941,1
4251469470958,2
4251469470965,1
4251469470989,1
4251469471023,1
4251469471009,1
4251469471016,1
4251469471078,1
4251469471030,1
4251469471047,1
4251469471054,1
4251469471061,1
4251469471085,1
4251469471108,1
4251469471092,1
4251469471115,1
4251469471948,1
4251469471122,1
4251469471375,2
4251469471139,2
4251469471368,1
4251469471146,1
4251469471320,1
4251469471276,1
4251469471214,1
4251469471191,1
4251469471184,1
4251469471153,1
4251469471177,1
4251469471160,1
4251469471207,1
4251469471221,1
4251469471238,1
4251469471245,1
4251469471252,1
4251469471269,2
4251469471306,1
4251469471283,1
4251469471290,1
4251469471313,1
4251469471337,1
4251469471344,1
4251469471351,1
4251469471931,1
4251469471955,1
4251469471962,1
4251469471986,1
4251469471863,1
4251469471870,1
4251469471917,1
4251469471894,1
4251469471900,1
4251469471801,1
4251469471924,1
4251469471818,1
4251469471825,1
4251469471849,1
4251469471856,1
4251469471740,1
4251469471757,1
4251469471764,1
4251469471771,1
4251469471788,1
4251469471795,1
4251469471672,1
4251469471689,1
4251469471696,1
4251469471702,1
4251469471719,1
4251469471726,1
4251469471733,1
4251469471382,1
4251469471399,1
4251469471405,1
4251469471412,1
4251469471429,1
4251469471665,1
4251469466289,1
4251469466272,1
4251469466265,1
4251469466258,1
4251469466241,1
4251469466234,1
4251469466227,1
4251469466210,1
4251469466203,1
4251469466197,1
4251469466180,1
4251469466173,1
4251469466166,1
4251469466142,1
4251469466159,1
4251469466111,1
4251469466128,1
4251469466135,1
4251469466104,1
4251469466098,1
4251469466081,1
4251469466074,1
4251469466067,1
4251469466050,1
4251469468474,1
4251469466043,1
4251469466036,1
4251469466029,1
4251469466012,1
4251469466005,1
4251469465992,1
4251469465985,1
4251469465978,1
4251469465961,1
4251469465954,1
4251469465947,1
4251469465930,1
4251469465923,1
4251469465916,1
4251469465909,1
4251469465893,1
4251469465886,1
4251469465879,1
4251469465862,1
4251469465855,1
4251469465848,1
4251469465831,1
4251469465824,1
4251469465817,1
4251469465800,1
4251469465794,1
4251469465787,1
4251469466555,1
4251469466562,1
4251469466579,1
4251469466586,1
4251469466593,1
4251469466609,1
4251469466616,1
4251469466623,1
4251469466647,1
4251469466630,1
4251469466654,1
4251469466661,1
4251469466678,1
4251469466685,1
4251469466692,1
4251469466708,1
4251469466722,1
4251469466715,1
4251469466739,1
4251469468146,1
4251469468153,1
4251469468160,1
4251469468177,1
4251469468184,1
4251469468191,1
4251469468207,1
4251469468214,1
4251469468238,1
4251469468245,1
4251469468252,1
4251469468269,1
4251469468276,1
4251469468283,1
4251469468221,1
4251469468290,1
4251469468306,1
4251469468313,1
4251469468320,1
4251469468344,1
4251469468337,1
4251469468351,1
4251469468368,1
4251469468375,1
4251469468382,1
4251469468399,1
4251469468733,1
4251469468740,1
4251469468757,1
4251469468702,1
4251469468719,1
4251469468726,1
4251469468672,1
4251469468696,1
4251469468689,1
4251469468641,1
4251469468658,1
4251469468665,1
4251469468627,1
4251469468634,1
4251469468580,1
4251469468597,1
4251469468603,1
4251469468610,1
4251469468542,1
4251469468559,1
4251469468566,1
4251469468573,1
4251469468498,1
4251469468504,1
4251469468511,1
4251469468528,1
4251469468535,1
4251469468443,1
4251469468450,1
4251469468467,1
4251469468481,1
4251469468405,1
4251469468412,1
4251469468429,1
4251469468436,1
4251469473065,1
4251469460911,1
4251469473072,1
4251469473355,1
4251469473386,1
4251469473089,1
4251469473331,1
4251469473294,1
4251469473317,1
4251469473270,1
4251469473140,1
4251469442573,1
4251469460904,1
4251469442535,1
4251469460898,1
4251469473287,1
4251469442542,1
4251469442726,1
4251469442740,1
4251469442818,1
4251469442559,1
4251469442566,1
4251469442825,1
4251469442627,1
4251469442641,1
4251469442689,1
4251469442634,1
4251469442665,1
4251469442764,1
4251469442733,1
4251469473409,1
4251469473348,1
4251469442757,1
4251469473362,1
4251469442511,1
4251469473249,1
4251469423084,1
4251469423022,1
4251469423299,1
4251469423329,1
4251469428706,3
4251469479067,1
4251469473676,1
4251469478473,1
4251469473706,1
4251469473904,1
4251469424890,1
4251469473584,1
4251469428669,3
4251469428799,2
4251469428652,4
4251469428768,1
4251469428850,1
4251469428577,1
4251469422926,1
4251469423039,1
4251469422919,1
4251469423015,1
4251469422889,1
4251469423855,1
4251469422896,1
4251469422872,1
4251469423275,1
4251469423251,1
4251469423190,1
4251469423176,1
4251469423152,1
4251469422964,1
4251469422995,1
4251469423244,1
4251469423169,1
4251469422957,1
4251469422971,1
4251469423060,1
4251469423107,1
4251469423145,1
4251469473690,1
4251469474734,4
4251469474697,13
4251469474710,15
4251469474741,8
4251469416789,9
4251469416819,22
4251469475922,1
4251469416826,6
4251469416796,1
4251469475915,2
4251469474567,1
4251469411685,1
4251469474499,1
4251469411722,1
4251469411791,1
4251469411647,1
4251469411609,1
4251469411692,1
4251469411784,1
4251469411579,1
4251469411654,1
4251469412309,3
4251469412293,4
4251469412453,2
4251469412323,1
4251469412569,2
4251469412378,2
4251469412613,2
4251469412484,3
4251469412286,1
4251469412422,6
4251469412415,1
4251469412644,3
4251469412316,4
4251469412330,3
4251469412545,11
4251469412347,3
4251469412279,1
4251469412583,1
4251469412538,4
4251469412637,1
4251469412354,5
4251469412514,1
4251469412385,5
4251469412408,1
4251469412507,1
4251469412491,2
4251469412460,2
4251469412477,1
4251469412576,1
4251469459946,1
4251469479050,1
4251469418141,1
4251469450431,1
4251469450424,1
4251469409866,9
4251469401495,5
4251469401648,4
4251469401914,9
4251469452619,5
4251469410213,5
4251469414020,5
4251469410558,6
4251469413900,5
4251469414266,6
4251469414389,5
4251469413788,6
4251469414143,5
4251469408890,5
4251469408081,6
4251469405424,8
4251469408579,6
4251469407718,10
4251469412965,2
4251469405509,4
4251469405660,8
4251469408760,4
4251469408357,5
4251469407947,1
4251469405585,6
4251469407848,1
4251469405349,6
4251469408258,3
4251469405394,12
4251469408647,2
4251469405479,4
4251469408722,6
4251469407909,8
4251469412989,3
4251469405554,10
4251469408036,8
4251469408852,3
4251469452121,15
4251469452282,1
4251469453357,2
4251469405318,8
4251469408302,4
4251469408203,6
4251469405639,7
4251469407817,1
4251469453319,1
4251469408661,2
4251469408326,9
4251469405332,2
4251469452336,1
4251469452176,2
4251469405493,1
4251469405578,2
4251469408043,6
4251469412996,2
4251469408456,2
4251469408227,4
4251469408746,10
4251469407688,4
4251469408876,10
4251469412958,3
4251469408067,2
4251469407831,2
4251469408654,2
4251469405400,2
4251469408739,7
4251469408319,1
4251469408029,4
4251469408548,3
4251469405325,1
4251469405486,3
4251469408869,4
4251469405561,1
4251469407824,1
4251469405462,2
4251469401853,2
4251469413832,5
4251469410114,3
4251469413948,2
4251469410770,3
4251469414068,2
4251469414075,1
4251469414310,4
4251469405387,3
4251469407725,3
4251469452220,4
4251469405622,4
4251469452084,10
4251469452565,4
4251469401150,7
4251469405707,3
4251469452572,3
4251469401419,1
4251469452473,6
4251469414181,5
4251469413870,3
4251469400849,1
4251469401549,3
4251469413993,1
4251469413955,4
4251469414303,4
4251469413825,3
4251469414198,4
4251469406285,3
4251469400603,3
4251469406414,4
4251469401242,3
4251469407657,2
4251469409330,2
4251469407190,1
4251469406483,4
4251469400863,23
4251469451186,10
4251469452435,13
4251469452589,12
4251469400764,8
4251469452480,17
4251469452633,8
4251469451193,13
4251469452725,10
4251469452671,6
4251469408234,6
4251469451940,2
4251469451902,6
4251469406353,11
4251469451971,2
4251469451889,7
4251469451865,4
4251469451933,2
4251469451896,2
4251469408883,7
4251469408166,5
4251469408753,5
4251469413177,4
4251469452145,1
4251469408685,3
4251469408562,4
4251469452152,5
4251469408340,1
4251469404137,1
4251469404441,2
4251469404526,10
4251469404601,8
4251469404359,6
4251469404816,2
4251469404755,20
4251469405820,5
4251469406094,6
4251469405738,6
4251469405301,7
4251469406001,4
4251469405974,4
4251469414228,8
4251469413986,6
4251469413863,4
4251469414341,6
4251469401600,14
4251469401891,10
4251469401730,13
4251469413894,5
4251469414372,4
4251469414136,8
4251469414259,9
4251469414013,4
4251469413771,9
4251469400832,8
4251469400825,3
4251469401235,12
4251469452732,4
4251469401228,17
4251469452466,8
4251469408272,10
4251469452541,12
4251469452459,14
4251469452657,4
4251469452626,2
4251469452558,17
4251469401037,6
4251469400931,5
4251469400924,8
4251469400870,1
4251469452497,20
4251469451995,9
4251469401174,15
4251469400979,5
4251469452442,11
4251469401181,7
4251469401082,6
4251469452503,6
4251469400986,8
4251469400788,6
4251469400887,20
4251469452510,10
4251469452428,8
4251469401099,10
4251469401198,14
4251469400993,3
4251469400894,18
4251469410459,2
4251469407794,1
4251469403994,3
4251469400955,5
4251469401556,5
4251469406902,2
4251469401051,8
4251469402324,2
4251469403277,1
4251469451735,1
4251469404083,2
4251469402904,2
4251469402782,3
4251469402546,3
4251469406698,2
4251469407138,1
4251469403413,1
4251469401976,1
4251469403574,1
4251469400474,2
4251469409446,2
4251469403161,2
4251469403789,2
4251469400573,1
4251469403031,2
4251469402416,3
4251469402218,3
4251469400900,11
4251469400801,14
4251469452527,9
4251469401006,12
4251469451155,6
4251469401204,14
4251469401211,11
4251469401013,3
4251469400917,10
4251469452534,16
4251469400818,13
4251469401112,10
4251469403567,1
4251469414426,1
4251469414471,1
4251469452886,1
4251469400214,5
4251469452060,2
4251469402775,1
4251469403154,1
4251469452077,1
4251469401044,6
4251469400740,2
4251469407763,3
4251469408920,3
4251469400085,2
4251469400184,5
4251469408609,4
4251469400948,1
4251469407978,2
4251469407787,1
4251469405530,2
4251469408791,2
4251469403260,1
4251469400443,1
4251469408388,2
4251469457331,3
4251469405370,2
4251469408111,4
4251469414358,1
4251469414112,1
4251469400344,1
4251469409439,1
4251469408135,1
4251469455863,1
4251469480834,1
4251469401570,10
4251469451827,4
4251469401433,8
4251469400115,8
4251469400016,1
4251469451810,13
4251469401709,7
4251469452640,6
4251469402683,9
4251469406506,2
4251469406711,7
4251469414006,6
4251469414129,6
4251469413764,5
4251469410145,2
4251469410480,5
4251469409804,8
4251469407213,3
4251469402577,2
4251469403925,4
4251469402935,3
4251469406315,1
4251469402232,2
4251469451834,7
4251469403062,3
4251469406919,6
4251469402478,7
4251469407510,3
4251469407596,2
4251469414211,4
4251469402942,1
4251469400122,3
4251469401440,7
4251469400023,1
4251469413979,2
4251469414099,3
4251469414457,4
4251469413856,3
4251469457317,4
4251469401884,6
4251469401716,4
4251469401587,4
4251469401457,6
4251469407602,1
4251469404014,4
4251469403833,2
4251469401723,3
4251469407282,3
4251469407527,3
4251469479180,6
4251469403321,2
4251469407442,1
4251469406445,1
4251469402690,3
4251469479197,4
4251469406322,8
4251469406728,5
4251469403079,2
4251469402249,1
4251469402126,2
4251469402461,4
4251469406513,1
4251469406438,3
4251469402812,1
4251469402584,1
4251469403505,4
4251469407459,1
4251469406520,8
4251469402706,3
4251469407534,2
4251469400528,4
4251469407619,4
4251469407299,3
4251469403208,2
4251469400139,8
4251469451766,3
4251469406216,2
4251469403727,3
4251469401471,2
4251469401747,1
4251469406667,1
4251469403857,3
4251469409194,7
4251469408951,54
4251469409132,19
4251469409200,9
4251469408982,12
4251469451438,1
4251469409026,3
4251469453890,1
4251469407565,1
4251469403550,1
4251469400177,3
4251469403017,10
4251469406827,6
4251469452718,3
4251469406407,8
4251469402393,5
4251469406605,6
4251469400207,7
4251469401396,5
4251469402881,2
4251469452602,3
4251469401532,5
4251469400078,3
4251469401952,6
4251469401839,1
4251469401679,6
4251469452695,1
4251469400597,1
4251469414174,8
4251469404069,4
4251469400702,1
4251469400566,3
4251469400429,2
4251469414273,18
4251469414037,7
4251469410626,6
4251469413795,15
4251469414150,14
4251469414396,6
4251469410275,6
4251469409941,6
4251469413917,12
4251469451698,3
4251469403390,2
4251469400733,1
4251469407251,6
4251469406896,5
4251469457324,4
4251469402522,5
4251469406971,4
4251469403147,2
4251469403659,2
4251469407640,3
4251469407480,2
4251469407329,1
4251469403987,2
4251469402195,2
4251469402300,2
4251469402768,5
4251469400061,1
4251469405363,6
4251469405448,8
4251469408937,3
4251469408784,2
4251469451643,3
4251469408913,2
4251469408807,5
4251469405523,2
4251469451667,1
4251469405608,7
4251469407961,2
4251469408395,4
4251469407985,3
4251469408128,1
4251469452213,14
4251469405684,6
4251469452206,5
4251469413023,1
4251469451636,2
4251469408371,1
4251469451650,1
4251469400351,1
4251469414433,2
4251469402096,1
4251469400610,1
4251469407343,1
4251469406704,1
4251469403796,2
4251469402553,2
4251469403420,1
4251469406421,2
4251469402225,2
4251469408142,3
4251469413962,1
4251469414082,1
4251469414204,1
4251469401860,2
4251469402799,1
4251469402911,1
4251469401563,4
4251469406292,1
4251469408418,1
4251469400238,1
4251469402423,1
4251469403048,1
4251469414440,1
4251469400627,2
4251469407503,1
4251469407589,1
4251469407336,1
4251469407800,1
4251469407626,2
4251469452817,5
4251469406889,3
4251469406780,3
4251469407305,1
4251469406377,1
4251469406957,6
4251469402270,3
4251469451612,2
4251469402720,3
4251469403734,1
4251469451605,1
4251469403109,3
4251469402973,3
4251469402843,2
4251469407541,3
4251469451629,1
4251469402485,1
4251469400146,1
4251469407466,1
4251469404502,16
4251469404199,5
4251469404427,7
4251469404588,8
4251469405912,6
4251469404830,20
4251469405790,5
4251469406155,4
4251469404748,11
4251469404274,14
4251469404366,4
4251469405882,4
4251469406063,5
4251469409224,5
4251469409101,8
4251469409781,30
4251469401938,2
4251469400306,1
4251469409002,7
4251469452701,2
4251469400696,2
4251469402751,1
4251469402997,2
4251469403123,1
4251469401815,2
4251469401525,2
4251469402058,1
4251469402386,1
4251469403765,2
4251469401389,2
4251469401792,1
4251469406810,2
4251469402744,1
4251469402508,1
4251469409231,2
4251469452688,2
4251469452664,2
4251469452596,2
4251469401662,2
4251469403000,1
4251469402188,1
4251469403383,1
4251469401518,1
4251469451582,1
4251469403246,1
4251469404335,20
4251469404960,6
4251469404809,19
4251469404175,3
4251469404885,15
4251469404489,15
4251469405776,4
4251469406131,5
4251469405950,4
4251469406049,5
4251469405868,3
4251469400689,2
4251469407473,2
4251469403543,2
4251469400054,3
4251469413085,4
4251469401785,10
4251469402492,7
4251469403642,7
4251469403116,3
4251469401501,1
4251469401655,6
4251469406797,1
4251469403970,4
4251469400542,4
4251469403741,6
4251469406308,8
4251469407244,2
4251469400153,8
4251469453937,1
4251469400405,3
4251469402737,2
4251469451414,1
4251469407398,1
4251469407558,4
4251469407312,3
4251469402379,2
4251469407633,4
4251469402287,1
4251469406964,1
4251469403369,1
4251469403673,2
4251469403802,1
4251469413122,1
4251469413115,2
4251469451278,2
4251469451209,13
4251469413078,2
4251469408197,5
4251469407879,14
4251469412934,14
4251469406636,6
4251469408289,1
4251469451223,3
4251469451254,1
4251469408708,6
4251469451285,8
4251469451308,17
4251469451322,3
4251469451339,9
4251469408715,5
4251469408517,2
4251469452800,1
4251469403178,1
4251469405806,3
4251469407886,3
4251469451315,7
4251469452763,6
4251469408012,11
4251469406070,5
4251469405714,6
4251469402430,2
4251469402560,2
4251469403055,3
4251469400962,2
4251469408432,4
4251469402676,1
4251469451230,1
4251469405899,6
4251469405981,6
4251469407671,1
4251469451292,8
4251469408296,2
4251469403307,1
4251469405172,1
4251469411050,4
4251469410978,8
4251469411098,2
4251469411135,7
4251469411210,12
4251469411173,9
4251469411333,4
4251469411463,4
4251469411258,8
4251469411371,7
4251469411418,3
4251469411296,10
4251469405219,7
4251469404977,12
4251469405264,9
4251469405028,11
4251469411456,10
4251469405080,6
4251469404984,9
4251469411951,2
4251469405271,9
4251469405189,8
4251469405035,6
4251469405226,10
4251469405134,5
4251469411470,8
4251469411364,7
4251469411401,12
4251469412002,2
4251469411876,2
4251469412040,1
4251469412132,2
4251469411821,2
4251469412088,2
4251469412187,1
4251469404700,6
4251469404311,2
4251469404151,1
4251469404786,9
4251469405233,5
4251469404861,7
4251469451346,6
4251469405042,6
4251469405288,4
4251469404991,4
4251469405745,6
4251469405929,5
4251469406100,6
4251469406018,6
4251469405837,5
4251469404397,4
4251469404540,7
4251469404625,3
4251469404465,4
4251469451353,1
4251469411814,1
4251469412125,2
4251469411395,1
4251469412019,2
4251469411883,2
4251469411838,2
4251469412194,2
4251469412095,2
4251469411968,2
4251469411081,4
4251469411241,8
4251469411326,7
4251469411203,5
4251469405011,10
4251469411289,5
4251469405257,6
4251469405165,7
4251469413207,5
4251469411128,6
4251469411166,7
4251469411043,7
4251469411005,5
4251469411920,2
4251469412149,1
4251469411388,1
4251469411913,2
4251469405066,7
4251469410688,2
4251469410336,3
4251469410008,2
4251469414464,3
4251469404892,10
4251469404663,11
4251469402836,6
4251469406759,7
4251469401907,7
4251469406452,2
4251469408678,2
4251469403628,2
4251469403956,3
4251469406537,4
4251469413030,4
4251469402140,4
4251469402713,4
4251469408050,1
4251469452169,1
4251469402263,2
4251469451803,1
4251469402010,3
4251469401754,4
4251469406872,2
4251469407008,3
4251469402454,4
4251469402966,4
4251469406346,4
4251469403529,2
4251469403215,2
4251469479173,1
4251469402607,2
4251469403093,1
4251469406650,2
4251469402133,4
4251469402591,2
4251469402256,2
4251469402959,1
4251469406933,3
4251469403086,2
4251469407220,2
4251469402447,2
4251469403512,5
4251469401464,8
4251469403949,3
4251469406735,6
4251469402355,1
4251469404250,1
4251469404373,2
4251469405721,5
4251469404823,18
4251469404496,19
4251469405905,5
4251469405998,3
4251469405813,5
4251469404267,20
4251469404656,7
4251469406087,5
4251469404908,8
4251469406124,2
4251469405943,1
4251469406032,2
4251469404793,17
4251469405851,2
4251469406025,8
4251469405752,7
4251469404557,11
4251469404878,12
4251469406117,7
4251469405844,5
4251469405936,5
4251469404328,12
4251469404168,1
4251469451360,8
4251469404434,2
4251469404670,11
4251469404731,18
4251469404595,6
4251469404847,18
4251469404519,18
4251469404120,6
4251469404281,19
4251469404922,6
4251469404342,1
4251469412064,1
4251469411852,1
4251469411982,2
4251469452053,1
4251469411807,2
4251469411302,10
4251469404380,2
4251469404533,7
4251469404854,10
4251469411029,6
4251469411142,9
4251469404304,13
4251469411265,7
4251469404779,21
4251469411180,9
4251469411227,10
4251469404694,3
4251469411937,2
4251469410985,6
4251469452190,12
4251469405677,6
4251469408487,2
4251469405592,4
4251469405516,3
4251469408098,4
4251469408906,3
4251469405431,7
4251469407855,2
4251469405356,6
4251469408265,9
4251469451568,6
4251469407954,2
4251469452350,1
4251469408586,1
4251469412170,1
4251469405059,4
4251469405240,6
4251469411869,1
4251469411999,1
4251469412033,1
4251469412071,2
4251469411272,8
4251469411197,11
4251469405004,7
4251469411319,9
4251469411159,10
4251469411234,11
4251469405295,4
4251469411111,5
4251469410992,4
4251469411036,1
4251469405103,1
4251469405196,3
4251469405158,2
4251469451377,2
4251469414297,8
4251469410725,5
4251469413931,8
4251469413818,8
4251469410053,6
4251469410381,5
4251469414280,4
4251469414419,4
4251469414051,3
4251469413801,4
4251469413924,4
4251469414044,1
4251469414167,4
4251469414402,2
4251469412026,1
4251469413238,2
4251469412156,1
4251469412200,1
4251469412101,1
4251469411890,1
4251469413214,2
4251469412057,1
4251469413245,2
4251469411845,1
4251469411975,1
4251469413221,1
4251469413191,1
4251469405783,2
4251469406148,2
4251469406056,2
4251469405967,1
4251469463769,1
4251469463936,1
4251469463875,1
4251469464292,1
4251469464278,1
4251469464254,1
4251469464261,1
4251469464162,1
4251469463981,1
4251469464025,1
4251469463929,1
4251469464643,1
4251469463905,1
4251469464063,1
4251469464094,1
4251469464582,4
4251469463820,1
4251469463851,1
4251469464018,1
4251469464001,1
4251469464186,1
4251469463844,1
4251469464612,1
4251469464087,1
4251469463882,1
4251469464223,1
4251469442450,1
4251469463899,1
4251469477636,1
4251469477643,1
4251469474406,1
4251469464049,1
4251469477629,1
4251469463813,1
4251469463868,1
4251469463776,1
4251469464117,1
4251469464216,1
4251469464179,1
4251469463998,1
4251469463967,1
4251469463950,1
4251469464100,1
4251469464568,1
4251469464537,1
4251469464438,1
4251469464483,1
4251469464476,1
4251469464452,1
4251469464384,1
4251469464421,1
4251469464414,1
4251469464353,1
4251469464339,1
4251469464322,1
4251469464155,1
4251469477650,1
4251469464124,1
4251469464629,1
4251469463974,1
4251469464193,1
4251469464209,1
4251469463783,1
4251469477599,1
4251469464056,1
4251469463837,1
4251469463806,1
4251469463912,1
4251469464032,1
4251469463943,1
4251469464407,1
4251469464346,1
4251469464148,1
4251469464070,1
4251469464230,1
4251469464131,1
4251469464445,1
4251469464315,1
4251469464285,2
4251469464513,1
4251469464308,1
4251469464391,1
4251469464360,1
4251469464551,1
4251469464490,1
4251469464469,1
4251469464247,1
4251469464377,1
4251469464575,1
4251469464544,1
4251469464520,1
4251469464506,1
4251469477667,1
4251469429123,5
4251469429154,5
4251469462656,1
4251469462731,1
4251469462700,1
4251469463028,1
4251469463073,1
4251469463127,1
4251469463110,1
4251469463165,1
4251469463158,1
4251469463622,1
4251469463660,1
4251469463653,1
4251469463639,1
4251469429161,3
4251469409828,3
4251469429116,4
4251469463431,1
4251469463646,1
4251469410664,3
4251469429130,3
4251469406384,4
4251469429178,1
4251469463608,1
4251469439641,2
4251469463615,1
4251469463592,1
4251469463424,1
4251469463356,1
4251469463363,1
4251469463325,1
4251469463349,1
4251469463295,1
4251469463301,1
4251469463318,1
4251469463264,1
4251469463271,1
4251469463288,1
4251469463257,1
4251469463202,1
4251469463219,1
4251469463226,1
4251469463172,1
4251469463189,1
4251469462892,1
4251469462830,1
4251469462823,1
4251469462779,1
4251469463141,1
4251469462939,1
4251469462922,1
4251469462960,1
4251469462953,1
4251469462946,1
4251469463493,1
4251469463509,1
4251469463516,1
4251469463523,1
4251469463530,2
4251469463554,1
4251469463561,1
4251469463578,1
4251469463677,1
4251469463486,1
4251469463691,1
4251469463707,1
4251469463714,1
4251469463585,1
4251469474574,2
4251469439368,1
4251469463745,2
4251469477612,1
4251469458185,15
4251469458161,7
4251469458178,4
4251469473874,1
4251469439689,1
4251469463233,1
4251469463103,1
4251469463134,1
4251469463066,1
4251469463080,1
4251469463097,1
4251469463035,1
4251469463042,1
4251469463059,1
4251469462991,1
4251469463004,1
4251469462717,1
4251469462724,1
4251469462663,1
4251469462670,1
4251469462687,1
4251469462694,1
4251469462625,1
4251469462649,1
4251469462601,1
4251469462618,1
4251469462632,1
4251469462762,1
4251469462755,1
4251469462748,1
4251469463417,1
4251469463394,1
4251469463400,1
4251469463370,1
4251469463387,1
4251469463332,1
4251469463240,1
4251469463196,1
4251469462786,1
4251469462793,1
4251469462809,1
4251469462816,1
4251469462847,1
4251469462854,1
4251469462861,1
4251469462878,1
4251469462885,1
4251469462915,1
4251469462908,1
4251469463448,1
4251469463455,1
4251469463462,1
4251469463479,1
4251469463011,1
4251469462977,1
4251469435124,1
4251469462984,1
4251469410787,8
4251469463721,1
4251469472563,1
4251469407268,2
4251469439177,1
4251469409835,2
4251469409842,4
4251469477605,1
4251469439658,1
4251469439405,1
4251469409811,3
4251469463738,1
4251469404564,4
4251469439580,1
4251469472532,1
4251469428065,1
4251469439672,1
4251469438873,1
4251469475014,1
4251469474963,1
4251469474956,1
4251469475007,1
4251469475021,1
4251469439597,1
4251469474970,1
4251469474994,1
4251469474987,1
4251469472617,1
4251469478602,1
4251469478596,1
4251469412903,79
4251469412880,45
4251469412897,24
4251469457591,144
4251469457829,4
4251469457867,6
4251469458154,4
4251469457751,6
4251469457904,30
4251469457836,7
4251469457768,2
4251469457676,17
4251469457997,57
4251469457607,49
4251469477674,1
4251469464919,1
4251469464766,1
4251469464773,1
4251469464803,1
4251469464896,1
4251469464902,1
4251469464780,1
4251469464797,1
4251469464865,1
4251469464872,1
4251469464827,1
4251469464810,1
4251469464834,1
4251469464841,1
4251469464742,1
4251469464889,1
4251469465121,7
4251469464681,1
4251469464704,1
4251469464711,1
4251469464667,1
4251469465084,1
4251469465091,1
4251469464650,1
4251469464674,1
4251469464698,1
4251469465039,1
4251469465022,1
4251469465015,1
4251469465008,1
4251469464995,1
4251469464988,1
4251469464971,1
4251469464957,1
4251469464964,1
4251469464858,1
4251469464940,1
4251469464759,1
4251469465206,1
4251469464728,1
4251469465107,10
4251469465114,2
4251469465145,1
4251469465152,10
4251469465213,2
4251469465138,2
4251469465046,1
4251469465060,1
4251469465077,1
4251469465190,2
4251469457881,5
4251469457621,2
4251469458062,1
4251469459816,1
4251469459786,1
4251469459793,1
4251469459762,1
4251469459779,1
4251469459748,1
4251469459755,1
4251469459809,1
4251469459861,1
4251469459854,2
4251469459847,1
4251469459878,1
4251469459885,1
4251469459915,1
4251469459908,1
4251469459670,1
4251469459663,1
4251469459717,1
4251469459700,1
4251469459694,1
4251469459687,1
4251469459731,1
4251469459892,1
4251469457843,15
4251469457614,12
4251469457461,26
4251469457683,6
4251469458000,1
4251469458055,3
4251469457775,2
4251469457911,2
4251469457416,1
4251469457874,1
4251469457539,3
4251469457447,1
4251469457355,7
4251469457348,3
4251469459496,1
4251469459502,1
4251469459519,1
4251469459526,1
4251469459533,1
4251469459540,1
4251469459557,1
4251469459564,1
4251469458192,11
4251469457454,10
4251469457522,24
4251469458109,4
4251469458048,4
4251469457546,3
4251469457928,1
4251469457478,3
4251469457690,4
4251469458017,1
4251469457782,50
4251469457898,2
4251469458031,1
4251469457652,18
4251469457515,1
4251469458079,1
4251469457966,19
4251469457584,7
4251469457812,11
4251469457430,1
4251469457973,1
4251469457409,1
4251469457393,2
4251469457386,2
4251469457669,62
4251469457737,12
4251469457720,18
4251469457645,9
